source id,x,y,RA coordinates in the ref frame,DEC coordinates in the ref frame,final total mag in WFC3/F275W,final photometric error in WFC3/F275W,final total mag in WFC3/F336W,final photometric error in WFC3/F336W,final total mag in WFC3/F438W,final photometric error in WFC3/F438W,final total mag in WFC3/F555W,final photometric error in WFC3/F555W,final total mag in WFC3/F814W,final photometric error in WFC3/F814W,CI=mag(1px)-mag(3px) measured in the F555W. This catalogue contains only sources with CI>=1.35.,best age in yr,max age in yr (within 68 %% confidence level),min age in yr (within 68 %% confidence level),best mass in solar masses,max mass in solar masses (within 68 %% confidence level),min mass in solar masses (within 68 %% confidence level),best E(B-V),max E(B-V) (within 68 %% confidence level),min E(B-V) (within 68 %% confidence level),chi2 fit residual in F275W,chi2 fit residual in F336W,chi2 fit residual in F438W,chi2 fit residual in F555W,chi2 fit residual in F814W,reduced chi2,Q probability,Number of filter,class(mode),Final class(mean),a,b
1,3602.920,4872.369,186.58371,48.49029,24.803,0.617,23.686,0.250,23.765,0.194,23.297,0.193,22.969,0.158,1.66,9.000e+08,1.000e+09,4.000e+08,5.125e+03,6.084e+03,2.457e+03,0.0,0.05,0.0,-0.27415,0.38285,0.23425,0.10175,-0.18315,1.64928,0.17566,5,1.0,1.333,1
2,4687.445,5470.283,186.56570,48.49687,23.854,0.236,23.573,0.200,23.958,0.195,23.341,0.196,22.426,0.158,1.79,3.000e+08,4.000e+08,6.000e+06,2.702e+03,4.952e+03,6.801e+02,0.05,0.76,0.0,-0.04177,0.12623,-0.06267,-0.02177,0.01333,0.17221,0.91522,5,2.0,2.333,1
3,3964.129,6841.441,186.57771,48.51196,24.654,0.494,25.442,1.060,24.787,0.314,22.390,0.192,20.675,0.155,1.68,1.000e+07,1.400e+10,7.000e+06,2.664e+04,1.058e+06,1.591e+04,1.46,1.5,0.67,1.40277,200.0,-0.19523,0.09717,-0.01403,1.62371,0.19717,4,0.0,0.0,0
4,4211.153,6562.645,186.57361,48.50889,24.345,0.291,23.775,0.259,23.992,0.187,21.731,0.191,20.293,0.155,1.79,1.000e+07,3.000e+07,3.000e+06,2.737e+04,9.736e+04,1.788e+04,1.27,1.5,1.14,0.52102,0.08022,-0.21818,0.19852,0.00512,1.56144,0.19643,5,4.0,4.0,0
5,3721.390,6517.000,186.58176,48.50839,23.174,0.119,23.245,0.124,23.820,0.173,21.779,0.191,20.427,0.155,1.63,1.000e+07,1.100e+07,1.000e+07,8.975e+03,1.329e+04,5.381e+03,0.89,0.99,0.77,0.55316,-0.11044,-0.41834,0.29026,0.40646,9.80275,0.0,5,4.0,4.0,0
6,2779.000,6397.998,186.59740,48.50708,23.580,0.236,24.434,0.449,24.863,0.276,23.993,0.199,22.967,0.158,1.36,1.000e+07,4.000e+07,9.000e+06,5.652e+02,1.947e+03,3.587e+02,0.48,0.69,0.26,0.57825,-0.38615,-0.17385,-0.09845,0.12845,1.99924,0.11172,5,0.0,0.0,0
7,3770.000,6352.783,186.58093,48.50658,23.042,0.110,22.959,0.123,23.955,0.181,22.986,0.194,22.154,0.159,1.79,1.000e+07,2.000e+07,9.000e+06,1.094e+03,3.376e+03,7.918e+02,0.42,0.57,0.36,0.01983,0.06583,-0.23437,0.01743,0.11523,0.95695,0.41197,5,0.0,0.0,0
8,3752.581,6341.973,186.58122,48.50646,22.498,0.108,22.098,0.085,23.373,0.175,22.382,0.193,21.621,0.156,1.79,1.500e+07,1.500e+07,5.000e+06,4.824e+03,5.958e+03,1.934e+03,0.51,0.67,0.45,-0.06605,0.19515,-0.32595,-0.00395,0.06425,3.23074,0.02137,5,4.0,4.0,0
9,5149.790,6144.000,186.55801,48.50428,23.625,0.211,23.619,0.184,24.244,0.191,23.654,0.197,22.813,0.159,1.81,2.000e+07,6.000e+07,8.000e+06,1.354e+03,2.186e+03,4.089e+02,0.43,0.61,0.21,0.04813,-0.03037,0.01573,-0.06757,0.03763,0.08794,0.96668,5,0.0,0.0,0
10,4347.443,6088.816,186.57135,48.50368,23.638,0.221,23.416,0.187,24.349,0.273,22.558,0.198,21.608,0.160,1.79,1.000e+07,2.000e+07,3.000e+06,3.333e+03,1.116e+04,2.295e+03,0.75,1.07,0.65,0.29117,0.08147,-0.45643,0.18757,0.04967,2.2264,0.08286,5,0.0,0.0,0
11,3407.000,6008.000,186.58698,48.50279,25.137,0.792,26.196,2.199,24.447,0.228,21.684,0.191,20.361,0.155,1.71,2.000e+06,1.400e+10,1.000e+06,2.749e+04,1.471e+06,2.177e+04,1.5,1.5,0.67,0.172,200.0,-0.1403,-0.1486,0.2875,1.91113,0.14791,4,0.0,0.0,0
12,2403.413,5963.813,186.60364,48.50230,99.999,99.999,23.328,0.178,24.123,0.191,23.461,0.192,23.257,0.159,1.97,5.000e+06,1.000e+08,4.000e+06,6.051e+02,1.485e+03,2.111e+02,0.52,0.62,0.02,200.0,-0.04026,0.06644,0.00194,-0.00926,0.08523,0.9183,4,0.0,0.0,0
13,2223.530,5838.805,186.60663,48.50092,23.884,0.244,22.633,0.072,24.088,0.217,23.299,0.192,22.493,0.158,2.05,5.000e+06,5.000e+06,5.000e+06,1.301e+03,1.642e+03,1.055e+03,0.63,0.69,0.58,-0.61645,0.38455,-0.26795,-0.34575,0.12455,12.93522,0.0,5,0.0,0.0,0
14,4047.000,5710.939,186.57634,48.49952,27.319,5.387,99.999,99.999,25.513,0.514,22.730,0.192,21.468,0.155,1.30,4.000e+06,1.400e+10,1.000e+06,1.099e+04,4.590e+05,7.995e+03,1.5,1.5,0.53,200.0,200.0,-0.4464,-0.0418,0.1241,1.77553,0.1827,3,0.0,0.0,0
15,5801.000,5643.197,186.54721,48.49877,66.666,66.666,66.666,66.666,66.666,66.666,23.806,0.195,23.292,0.159,1.69,2.000e+08,1.400e+10,1.000e+06,2.000e+02,1.996e+04,1.585e+02,200.0,1.5,0.0,200.0,200.0,200.0,200.0,200.0,200.0,200.0,200,0.0,0.0,0
16,6054.037,4858.500,186.54301,48.49013,66.666,66.666,66.666,66.666,66.666,66.666,16.233,0.196,15.618,0.161,1.96,2.000e+08,1.400e+10,1.000e+06,2.000e+02,2.775e+07,1.880e+05,200.0,1.5,0.0,200.0,200.0,200.0,200.0,200.0,200.0,200.0,200,0.0,0.0,0
17,4460.711,5509.000,186.56947,48.49730,26.589,2.505,24.786,0.572,26.308,0.970,23.422,0.193,22.485,0.156,1.40,3.000e+06,5.000e+06,1.000e+06,3.949e+03,6.651e+03,2.356e+03,1.42,1.5,1.19,200.0,0.75755,-0.46375,-0.01915,0.01595,0.64248,0.52599,4,0.0,0.0,0
18,1855.000,5508.000,186.61275,48.49728,25.959,1.599,24.390,0.400,24.528,0.231,23.467,0.196,22.301,0.160,1.67,3.000e+07,1.400e+10,6.000e+06,3.674e+03,5.052e+04,1.180e+03,0.7,1.17,0.0,200.0,-0.02027,0.04343,-0.03677,0.00963,0.03829,0.96244,4,0.0,0.0,0
19,4398.000,5504.000,186.57051,48.49724,99.999,99.999,99.999,99.999,25.067,0.347,23.490,0.194,22.622,0.158,1.39,5.000e+06,1.400e+10,3.000e+06,3.095e+03,5.970e+04,1.036e+03,1.15,1.38,0.0,200.0,200.0,-0.01193,0.01657,-0.00813,0.01105,0.91629,3,0.0,0.0,0
20,4124.445,5487.000,186.57504,48.49706,22.678,0.057,23.082,0.143,24.136,0.217,23.593,0.198,23.326,0.173,1.57,1.000e+07,4.000e+07,9.000e+06,2.374e+02,6.776e+02,1.523e+02,0.1,0.22,0.0,0.00293,-0.03327,-0.10097,0.13133,0.01453,0.23115,0.87475,5,0.0,0.0,0
21,4562.828,5472.000,186.56776,48.49689,22.374,0.072,23.307,0.127,23.802,0.179,23.436,0.194,23.184,0.159,1.42,3.000e+07,4.000e+07,3.000e+07,4.932e+02,6.310e+02,4.932e+02,0.0,0.03,0.0,0.18518,-0.32902,0.01478,0.13628,0.02938,5.07439,0.00164,5,0.0,0.0,0
22,6192.140,5461.000,186.54071,48.49676,66.666,66.666,66.666,66.666,66.666,66.666,21.812,0.191,20.277,0.155,1.81,2.000e+08,1.400e+10,5.000e+06,2.000e+02,1.663e+06,1.127e+04,200.0,1.5,0.26,200.0,200.0,200.0,200.0,200.0,200.0,200.0,200,0.0,0.0,0
23,4396.000,5464.881,186.57054,48.49681,24.458,0.353,24.468,0.555,28.910,13.818,23.295,0.193,22.246,0.156,1.56,4.000e+07,1.000e+09,5.000e+06,4.201e+03,1.261e+04,1.188e+03,0.64,1.12,0.09,0.14638,-0.27132,200.0,0.00918,0.00198,0.23065,0.79402,4,0.0,0.0,0
24,4241.000,5461.000,186.57312,48.49677,25.774,1.101,28.936,23.728,24.390,0.225,23.669,0.199,22.703,0.159,1.47,3.000e+08,9.000e+09,6.000e+06,2.523e+03,2.483e+04,5.097e+02,0.15,0.96,0.0,200.0,200.0,-0.00097,0.01563,-0.00917,0.00945,0.92255,3,0.0,0.0,0
25,4520.705,5453.456,186.56847,48.49669,24.320,0.362,99.999,99.999,99.999,99.999,24.033,0.205,23.453,0.165,1.60,1.000e+08,7.000e+08,5.000e+06,1.322e+03,2.248e+03,2.164e+02,0.24,0.85,0.0,0.004,200.0,200.0,0.0037,-0.0032,0.00082,0.97711,3,0.0,0.0,0
26,4883.000,5441.000,186.56245,48.49655,20.321,0.014,20.886,0.025,22.159,0.157,22.557,0.191,22.766,0.156,1.37,5.000e+06,0.000e+00,0.000e+00,4.844e+02,0.000e+00,0.000e+00,0.0,0.0,0.0,0.01021,-0.01329,0.08211,-0.39769,-0.23889,3.44119,0.01601,5,0.0,0.0,0
27,4334.000,5434.245,186.57156,48.49647,22.099,0.068,22.026,0.053,23.236,0.169,22.407,0.192,21.445,0.155,1.90,1.500e+07,1.500e+07,1.000e+07,4.090e+03,5.172e+03,1.651e+03,0.43,0.48,0.33,0.00657,0.03817,-0.34533,-0.08363,0.27307,2.97609,0.03026,5,2.0,2.0,0
28,4033.960,5436.870,186.57655,48.49650,21.273,0.037,21.696,0.044,22.940,0.162,22.836,0.195,23.112,0.162,1.71,5.000e+06,6.000e+06,5.000e+06,3.288e+02,4.043e+02,2.420e+02,0.08,0.12,0.0,-0.00617,0.00673,0.05953,-0.01537,-0.01477,0.0646,0.97858,5,0.0,0.0,0
29,4837.946,5435.000,186.56320,48.49648,22.014,0.055,22.520,0.065,23.546,0.172,23.458,0.194,23.901,0.168,1.36,6.000e+06,6.000e+06,4.000e+06,1.260e+02,1.885e+02,1.106e+02,0.01,0.11,0.0,0.01168,-0.02752,0.07208,0.17378,-0.07332,0.42728,0.73345,5,0.0,0.0,0
30,4110.897,5434.563,186.57529,48.49648,21.843,0.058,22.428,0.078,23.544,0.189,23.085,0.192,23.349,0.168,1.45,1.300e+07,1.500e+07,4.000e+06,3.518e+02,5.564e+02,1.499e+02,0.0,0.13,0.0,0.03042,-0.06248,-0.08558,0.34142,-0.01598,1.16875,0.31995,5,0.0,0.0,0
31,4041.761,5430.503,186.57643,48.49643,21.822,0.054,22.048,0.075,23.211,0.175,22.709,0.192,22.969,0.159,1.61,5.000e+06,6.000e+06,3.000e+06,5.075e+02,6.184e+02,3.106e+02,0.24,0.28,0.14,-0.00214,0.00126,-0.00844,0.11826,-0.04594,0.14395,0.93359,5,0.0,0.0,0
32,4020.565,5432.823,186.57678,48.49646,20.973,0.028,21.490,0.049,22.498,0.160,22.238,0.192,21.861,0.156,1.49,1.000e+07,2.000e+07,9.000e+06,7.479e+02,1.521e+03,5.615e+02,0.03,0.06,0.0,0.01237,-0.04503,-0.00333,0.03357,0.10447,0.50367,0.67973,5,0.0,0.0,0
33,4542.673,5431.691,186.56812,48.49645,21.968,0.051,22.481,0.066,23.543,0.168,23.365,0.199,23.442,0.160,1.41,1.300e+07,1.500e+07,6.000e+06,3.216e+02,5.099e+02,1.637e+02,0.0,0.07,0.0,0.00277,-0.01813,0.01277,0.15877,-0.01163,0.21387,0.88684,5,0.0,0.0,0
34,4461.531,5429.000,186.56944,48.49642,21.777,0.040,22.568,0.093,23.479,0.174,23.603,0.197,24.229,0.198,1.32,5.000e+06,5.000e+06,5.000e+06,1.220e+02,1.286e+02,1.220e+02,0.0,0.01,0.0,0.05126,-0.19824,0.25916,0.05336,-0.20484,3.38575,0.01728,5,0.0,0.0,0
35,4821.818,5426.655,186.56348,48.49639,23.435,0.170,23.200,0.108,24.196,0.181,23.969,0.199,23.634,0.164,1.33,6.000e+06,1.500e+07,5.000e+06,2.573e+02,6.549e+02,1.918e+02,0.33,0.45,0.22,-0.13905,0.15225,-0.00575,-0.16155,0.01455,1.08877,0.35236,5,0.0,0.0,0
36,4634.333,5425.070,186.56657,48.49637,23.875,0.274,23.976,0.218,24.947,0.305,23.506,0.195,22.767,0.157,1.50,1.000e+07,4.000e+07,5.000e+06,8.641e+02,3.006e+03,5.643e+02,0.56,0.91,0.4,0.32704,0.01894,-0.38366,0.15904,0.01284,1.30933,0.26935,5,0.0,0.0,0
37,4594.513,5406.478,186.56725,48.49617,22.975,0.130,23.032,0.123,24.446,0.245,23.158,0.195,23.383,0.172,1.63,3.000e+06,4.000e+06,1.000e+06,3.194e+02,4.222e+02,2.453e+02,0.39,0.46,0.28,0.02806,0.00336,-0.19084,0.02286,0.05566,0.29475,0.82923,5,0.0,0.0,0
38,4644.000,5408.208,186.56642,48.49619,22.513,0.070,22.369,0.076,22.867,0.163,22.229,0.192,21.749,0.155,1.69,7.000e+06,1.000e+08,6.000e+06,1.420e+03,7.727e+03,1.114e+03,0.45,0.61,0.19,-0.00495,0.01315,-0.02065,-0.00265,-0.00825,0.018,0.99672,5,4.0,3.667,0
39,4233.125,5408.651,186.57326,48.49619,25.209,0.851,29.622,48.821,24.807,0.293,22.458,0.192,21.358,0.155,1.44,4.000e+06,6.000e+06,1.000e+06,1.282e+04,1.767e+04,7.712e+03,1.47,1.5,1.3,0.64071,200.0,-0.03249,-0.02129,0.01521,0.17904,0.83607,4,0.0,0.0,0
40,4538.000,5404.000,186.56818,48.49614,25.406,1.066,23.088,0.126,23.472,0.169,23.509,0.204,23.665,0.176,1.35,7.000e+06,7.000e+07,6.000e+06,1.410e+02,8.463e+02,1.043e+02,0.08,0.28,0.0,200.0,-0.08752,0.32658,0.13268,-0.10082,2.02164,0.13244,4,0.0,0.0,0
41,4534.969,5396.000,186.56824,48.49605,25.007,0.891,24.850,0.616,25.746,0.600,23.781,0.200,24.115,0.198,1.74,1.000e+06,3.000e+06,1.000e+06,3.316e+02,5.111e+02,2.191e+02,0.64,0.84,0.49,-0.07436,-0.18846,-0.11626,0.12474,-0.05446,0.19587,0.89927,5,0.0,0.0,0
42,4192.988,5405.129,186.57391,48.49615,99.999,99.999,24.313,0.402,24.917,0.338,23.706,0.199,22.686,0.157,1.39,1.500e+07,1.400e+10,5.000e+06,3.340e+03,3.382e+04,7.285e+02,0.84,1.2,0.0,200.0,0.06097,-0.08943,0.02637,-0.00253,0.0576,0.94403,4,0.0,0.0,0
43,6153.000,5396.118,186.54137,48.49605,66.666,66.666,66.666,66.666,66.666,66.666,22.687,0.194,21.977,0.163,1.83,2.000e+08,1.400e+10,1.000e+06,2.000e+02,9.254e+04,6.264e+02,200.0,1.5,0.0,200.0,200.0,200.0,200.0,200.0,200.0,200.0,200,0.0,0.0,0
44,4223.000,5397.582,186.57343,48.49607,99.999,99.999,26.135,1.799,24.727,0.296,23.693,0.195,22.725,0.157,1.45,1.000e+09,1.400e+10,5.000e+06,1.015e+04,4.365e+04,5.992e+02,0.33,1.21,0.0,200.0,200.0,0.00133,-0.00017,-0.00027,2e-05,0.9961,3,0.0,0.0,0
45,4315.000,5392.771,186.57188,48.49602,22.176,0.064,22.367,0.058,23.539,0.171,23.243,0.193,23.059,0.160,1.33,5.000e+06,1.500e+07,5.000e+06,4.336e+02,9.480e+02,2.764e+02,0.27,0.31,0.12,0.00623,0.00663,-0.03897,-0.15557,0.09073,0.37441,0.77147,5,0.0,0.0,0
46,4524.211,5394.266,186.56841,48.49603,23.740,0.273,23.704,0.240,24.809,0.298,24.170,0.259,24.114,0.192,1.42,5.000e+06,8.000e+07,3.000e+06,2.244e+02,5.160e+02,8.318e+01,0.4,0.5,0.0,-0.01623,0.04857,-0.04683,0.01737,-0.00933,0.02512,0.99462,5,0.0,0.0,0
47,4697.465,5391.000,186.56554,48.49600,24.102,0.336,24.694,0.469,23.857,0.196,23.235,0.198,23.398,0.173,1.32,5.000e+08,1.000e+09,7.000e+06,2.233e+03,4.135e+03,3.358e+02,0.0,0.53,0.0,0.38448,-0.41282,0.46618,0.55328,-0.24862,4.40506,0.00419,5,0.0,0.0,0
48,3980.000,5391.135,186.57745,48.49600,22.382,0.072,22.779,0.068,24.114,0.192,23.700,0.197,23.029,0.160,1.54,1.000e+07,2.000e+07,9.000e+06,2.444e+02,6.373e+02,1.913e+02,0.06,0.17,0.01,0.0105,0.03361,-0.2789,-0.1255,0.20611,1.61106,0.18443,5,0.0,0.0,0
49,4774.000,5390.000,186.56427,48.49599,27.221,5.014,23.629,0.181,23.486,0.172,23.073,0.194,22.513,0.157,1.48,5.000e+08,1.000e+09,7.000e+07,4.250e+03,8.707e+03,2.553e+03,0.0,0.41,0.0,200.0,-0.04674,0.13826,0.01636,-0.06254,0.40719,0.66552,4,0.0,0.0,0
50,4775.000,5386.042,186.56425,48.49594,24.327,0.406,25.156,0.594,23.687,0.176,23.152,0.194,22.524,0.157,1.72,8.000e+08,1.000e+09,5.000e+08,8.163e+03,1.314e+04,4.666e+03,0.17,0.3,0.06,0.55793,-0.87557,0.37923,0.11023,-0.06407,3.35548,0.01801,5,0.0,0.0,0
51,4562.000,5390.000,186.56779,48.49599,24.730,0.558,24.352,0.392,25.038,0.342,23.789,0.202,23.069,0.158,1.39,5.000e+06,2.000e+08,4.000e+06,1.300e+03,3.820e+03,4.727e+02,0.9,1.06,0.26,0.22781,0.04141,-0.08589,-0.05409,0.03861,0.11589,0.95083,5,0.0,0.0,0
52,4513.550,5389.743,186.56859,48.49598,25.112,0.799,24.625,0.567,24.411,0.245,23.498,0.211,23.005,0.160,1.42,1.000e+09,2.000e+09,5.000e+06,5.375e+03,7.459e+03,5.744e+02,0.08,0.91,0.0,0.01249,-0.10431,-0.03721,0.15969,-0.04501,0.21306,0.8874,5,0.0,0.0,0
53,4512.628,5386.184,186.56860,48.49595,23.511,0.215,25.027,0.949,25.096,0.402,23.555,0.205,23.474,0.168,1.75,4.000e+06,4.000e+07,1.000e+06,4.222e+02,7.029e+02,2.542e+02,0.59,0.74,0.2,0.59236,-1.11064,-0.29554,0.05116,0.05726,3.18189,0.02285,5,0.0,0.0,0
54,4440.000,5383.660,186.56981,48.49592,22.252,0.095,22.324,0.069,22.667,0.158,22.493,0.192,22.275,0.156,1.75,9.000e+07,1.000e+08,7.000e+06,3.262e+03,4.063e+03,5.668e+02,0.08,0.32,0.01,-0.05326,0.02154,0.16604,0.03854,-0.09256,0.59923,0.61543,5,0.0,0.0,0
55,4697.344,5378.102,186.56554,48.49586,23.502,0.256,23.489,0.177,22.951,0.165,23.180,0.195,23.400,0.164,1.36,9.000e+07,1.000e+08,6.000e+06,1.277e+03,1.597e+03,2.321e+02,0.09,0.46,0.0,-0.22077,-0.07377,0.94273,0.39983,-0.18037,6.68507,0.00017,5,0.0,0.0,0
56,4549.000,5378.000,186.56799,48.49586,23.958,0.257,24.568,0.430,24.797,0.297,23.177,0.194,21.934,0.156,1.30,1.000e+07,4.000e+07,9.000e+06,3.051e+03,1.115e+04,1.913e+03,0.88,1.12,0.68,0.87824,-0.31287,-0.26567,0.03523,0.05293,2.4566,0.061,5,0.0,0.0,0
57,4492.000,5377.000,186.56895,48.49584,24.928,0.779,24.231,0.296,24.221,0.236,23.622,0.205,23.025,0.166,1.74,1.000e+09,1.000e+09,6.000e+06,4.497e+03,6.107e+03,5.078e+02,0.0,0.81,0.0,-0.11267,0.07653,0.01163,-0.00457,-0.01787,0.03341,0.99181,5,0.0,0.0,0
58,4675.301,5374.000,186.56590,48.49581,23.342,0.215,24.437,0.422,24.062,0.207,23.149,0.201,23.414,0.175,1.57,9.000e+07,2.000e+08,7.000e+06,1.305e+03,1.716e+03,2.260e+02,0.16,0.44,0.0,0.3618,-0.68801,0.10229,0.61419,-0.08871,4.39126,0.00428,5,0.0,0.0,0
59,4664.926,5371.000,186.56609,48.49578,23.718,0.272,23.451,0.185,24.450,0.231,23.510,0.208,23.895,0.193,1.91,3.000e+06,5.000e+06,1.000e+06,2.472e+02,3.829e+02,1.821e+02,0.43,0.51,0.31,-0.18354,0.06656,0.25176,0.06706,-0.10684,0.6815,0.56322,5,0.0,0.0,0
60,6875.161,5334.000,186.52937,48.49536,66.666,66.666,66.666,66.666,66.666,66.666,21.486,0.192,21.139,0.156,2.04,2.000e+08,1.000e+09,1.000e+06,2.000e+02,3.402e+04,9.662e+02,200.0,1.4,0.0,200.0,200.0,200.0,200.0,200.0,200.0,200.0,200,0.0,0.0,0
61,6873.208,5353.693,186.52940,48.49558,66.666,66.666,66.666,66.666,66.666,66.666,22.929,0.326,22.904,0.329,1.98,2.000e+08,1.000e+09,1.000e+06,2.000e+02,7.927e+03,1.644e+02,200.0,1.44,0.0,200.0,200.0,200.0,200.0,200.0,200.0,200.0,200,0.0,0.0,0
62,4733.976,5367.000,186.56493,48.49573,21.323,0.025,21.810,0.043,22.695,0.159,22.853,0.193,22.843,0.159,1.35,1.300e+07,1.500e+07,6.000e+06,5.858e+02,8.442e+02,2.547e+02,0.0,0.05,0.0,-0.00314,0.00196,0.20986,0.01986,-0.06354,0.54598,0.65082,5,0.0,0.0,0
63,4802.903,5367.167,186.56380,48.49574,99.999,99.999,99.999,99.999,24.870,0.304,23.612,0.197,22.983,0.160,1.34,5.000e+06,1.400e+10,3.000e+06,1.483e+03,2.881e+04,5.099e+02,0.91,1.14,0.0,200.0,200.0,-0.01898,0.00872,-0.00028,0.00591,0.9387,3,0.0,0.0,0
64,4510.000,5363.000,186.56865,48.49569,23.741,0.200,25.401,1.096,25.547,0.806,22.975,0.201,22.007,0.156,1.72,1.000e+07,2.000e+07,3.000e+06,2.070e+03,6.913e+03,1.399e+03,0.71,0.97,0.59,0.45464,200.0,-1.30466,0.17294,0.09554,7.11928,0.00081,4,0.0,0.0,0
65,4386.000,5364.000,186.57071,48.49570,25.258,0.650,25.280,0.835,24.909,0.336,23.229,0.194,22.206,0.158,1.68,5.000e+06,1.400e+10,3.000e+06,5.811e+03,9.522e+04,1.923e+03,1.3,1.48,0.06,0.54843,-0.47947,0.08733,0.01713,-0.00987,0.34463,0.79305,5,0.0,0.0,0
66,4550.948,5362.000,186.56796,48.49568,99.999,99.999,27.920,10.283,23.885,0.201,23.445,0.199,22.769,0.159,1.35,2.000e+08,1.000e+09,6.000e+06,1.949e+03,7.468e+03,3.203e+02,0.06,0.71,0.0,200.0,200.0,0.00399,-0.00401,9e-05,0.0008,0.97743,3,0.0,0.0,0
67,4388.000,5359.708,186.57068,48.49565,23.172,0.151,23.324,0.194,25.430,0.572,23.165,0.200,22.446,0.162,1.41,3.000e+06,3.000e+06,1.000e+06,6.330e+02,9.411e+02,3.663e+02,0.59,0.7,0.4,0.35122,-0.01148,-1.07538,-0.13908,0.60562,7.67743,4e-05,5,0.0,0.0,0
68,4700.000,5354.436,186.56549,48.49560,24.593,0.518,27.045,5.206,24.135,0.184,23.473,0.197,22.806,0.160,1.52,7.000e+08,1.000e+09,6.000e+06,4.155e+03,7.844e+03,5.774e+02,0.04,0.82,0.0,0.00941,200.0,-0.01138,0.01022,0.00122,0.00346,0.99655,4,0.0,0.0,0
69,4435.000,5353.000,186.56990,48.49558,22.064,0.044,22.649,0.079,23.643,0.174,23.409,0.194,23.079,0.161,1.59,1.000e+07,2.000e+07,9.000e+06,2.413e+02,5.442e+02,2.017e+02,0.01,0.05,0.0,0.02104,-0.07796,-0.00416,0.03164,0.07774,0.50484,0.67892,5,0.0,0.0,0
70,4258.000,5347.000,186.57285,48.49551,99.999,99.999,24.835,0.625,24.648,0.302,23.613,0.199,22.702,0.161,1.32,2.000e+09,1.400e+10,5.000e+06,8.200e+03,4.136e+04,7.601e+02,0.07,1.2,0.0,200.0,-0.03666,0.02734,-0.02086,0.00924,0.01301,0.98708,4,0.0,0.0,0
71,4719.186,5343.000,186.56519,48.49547,21.328,0.036,21.958,0.072,22.797,0.165,22.611,0.204,23.184,0.230,1.85,6.000e+06,1.500e+07,4.000e+06,2.207e+02,6.538e+02,1.716e+02,0.0,0.08,0.0,0.02433,-0.12558,0.17002,0.38182,0.01592,2.42309,0.06379,5,0.0,0.0,0
72,4725.663,5331.000,186.56506,48.49534,21.196,0.035,21.317,0.034,21.266,0.156,20.906,0.191,20.560,0.155,1.90,2.000e+08,2.000e+08,2.000e+08,1.272e+04,1.559e+04,1.272e+04,0.0,0.04,0.0,0.02237,-0.03783,0.33427,0.32167,0.06307,2.45463,0.06116,5,2.0,2.0,0
73,4733.895,5329.497,186.56493,48.49532,23.279,0.298,24.658,0.965,23.187,0.192,22.466,0.197,21.911,0.159,1.34,7.000e+08,1.000e+09,8.000e+07,1.065e+04,1.924e+04,6.026e+03,0.09,0.53,0.0,0.61684,-1.21707,0.12383,0.14093,-0.03447,2.92527,0.03242,5,0.0,0.0,0
74,4474.000,5342.804,186.56924,48.49547,99.999,99.999,24.683,0.499,23.612,0.178,23.704,0.201,23.375,0.168,1.58,8.000e+08,1.000e+09,7.000e+07,3.167e+03,4.271e+03,1.095e+03,0.0,0.35,0.0,200.0,-0.23882,0.77088,0.09058,-0.19752,5.87521,0.00281,4,0.0,0.0,0
75,4648.000,5335.467,186.56636,48.49539,23.727,0.240,24.076,0.418,23.699,0.185,22.924,0.200,23.217,0.162,1.90,9.000e+07,2.000e+08,4.000e+06,1.749e+03,2.224e+03,3.146e+02,0.2,0.62,0.0,-0.08731,-0.44141,0.31469,0.63869,-0.13651,3.55187,0.01374,5,0.0,0.0,0
76,4658.831,5332.615,186.56618,48.49536,23.649,0.239,23.677,0.257,25.924,0.850,22.991,0.217,24.093,0.197,1.96,1.000e+06,2.000e+06,1.000e+06,2.188e+02,2.976e+02,1.542e+02,0.37,0.47,0.28,0.03572,0.06002,-0.98078,0.55852,-0.05508,2.57294,0.05219,5,0.0,0.0,0
77,4077.000,5338.000,186.57584,48.49542,99.999,99.999,26.507,2.411,99.999,99.999,23.253,0.194,22.004,0.156,1.32,2.000e+08,1.400e+10,2.000e+06,2.000e+02,2.150e+05,1.435e+03,200.0,1.5,0.0,200.0,200.0,200.0,200.0,200.0,200.0,200.0,200,0.0,0.0,0
78,4514.000,5337.169,186.56857,48.49541,22.864,0.104,24.051,0.289,23.943,0.197,23.272,0.200,22.679,0.159,1.59,4.000e+07,4.000e+07,3.000e+07,1.104e+03,1.519e+03,7.246e+02,0.18,0.28,0.11,0.2841,-0.7492,-0.0251,0.1484,0.1823,7.10891,9e-05,5,0.0,0.0,0
79,4438.538,5333.315,186.56984,48.49536,21.444,0.030,21.952,0.049,23.140,0.163,23.238,0.194,23.448,0.167,1.37,5.000e+06,6.000e+06,5.000e+06,2.079e+02,2.579e+02,1.764e+02,0.03,0.07,0.0,-0.00104,-0.00733,0.14616,-0.06994,0.05366,0.32151,0.80984,5,0.0,0.0,0
80,4778.000,5331.371,186.56419,48.49534,23.235,0.159,23.202,0.104,23.948,0.184,23.156,0.194,23.008,0.159,1.32,5.000e+06,8.000e+07,4.000e+06,8.300e+02,1.817e+03,2.983e+02,0.56,0.62,0.15,0.08,-0.0533,0.0663,0.081,-0.0301,0.27735,0.84179,5,0.0,0.0,0
81,4493.000,5327.000,186.56892,48.49529,99.999,99.999,24.079,0.324,24.865,0.386,23.928,0.216,23.335,0.161,1.38,9.000e+06,7.000e+08,5.000e+06,3.699e+02,2.391e+03,2.497e+02,0.43,0.92,0.0,200.0,0.03073,-0.13507,0.06883,-0.01346,0.125,0.8825,4,0.0,0.0,0
82,4709.000,5321.000,186.56535,48.49523,23.163,0.176,23.153,0.163,23.864,0.187,23.406,0.203,22.808,0.164,1.35,1.300e+07,1.000e+08,6.000e+06,1.119e+03,2.163e+03,3.257e+02,0.4,0.52,0.07,0.00971,0.00091,0.02111,-0.04909,0.00941,0.02667,0.99412,5,0.0,0.0,0
83,4708.748,5317.440,186.56535,48.49519,23.532,0.173,23.228,0.232,23.747,0.216,23.233,0.202,22.731,0.159,1.56,6.000e+06,2.000e+08,5.000e+06,9.119e+02,3.310e+03,4.412e+02,0.58,0.7,0.0,-0.02949,0.02581,0.11941,-0.06669,0.00471,0.14426,0.93339,5,0.0,0.0,0
84,4647.146,5322.000,186.56638,48.49524,26.983,4.367,99.999,99.999,24.612,0.233,23.331,0.209,22.695,0.163,1.44,5.000e+06,1.400e+10,4.000e+06,2.010e+03,3.796e+04,7.206e+02,0.93,1.11,0.0,200.0,200.0,-0.00739,0.01701,-0.00639,0.00908,0.92409,3,0.0,0.0,0
85,4529.000,5321.832,186.56833,48.49524,99.999,99.999,99.999,99.999,25.729,0.582,23.426,0.202,22.330,0.158,1.34,4.000e+06,1.400e+10,1.000e+06,5.473e+03,1.266e+05,2.706e+03,1.49,1.5,0.27,200.0,200.0,0.05295,-0.00885,0.00186,0.00996,0.92052,3,0.0,0.0,0
86,4073.336,5320.804,186.57590,48.49523,23.200,0.180,23.035,0.136,23.689,0.178,23.556,0.194,23.421,0.161,1.38,6.000e+06,9.000e+07,5.000e+06,3.407e+02,1.141e+03,1.862e+02,0.34,0.45,0.0,-0.14516,0.06364,0.23864,-0.02366,-0.05856,0.85144,0.46555,5,0.0,0.0,0
87,4741.073,5316.241,186.56480,48.49518,23.403,0.324,25.652,1.847,24.350,0.254,23.516,0.205,22.641,0.159,1.68,1.000e+07,5.000e+07,9.000e+06,7.746e+02,2.899e+03,4.844e+02,0.45,0.7,0.25,0.22358,200.0,-0.12872,-0.05062,0.05778,0.43375,0.64807,4,0.0,0.0,0
88,4795.307,5315.000,186.56390,48.49516,25.106,0.632,25.475,1.030,26.856,2.053,23.767,0.198,22.980,0.161,1.50,6.000e+08,1.400e+10,1.000e+06,3.447e+03,2.728e+04,5.106e+02,0.12,1.44,0.0,-0.03711,200.0,200.0,0.00679,-0.00191,0.00488,0.94432,3,0.0,0.0,0
89,4715.000,5313.078,186.56525,48.49514,99.999,99.999,99.999,99.999,25.144,0.442,24.390,0.259,23.425,0.177,1.34,2.000e+08,1.400e+10,5.000e+06,1.644e+03,2.470e+04,2.407e+02,0.32,1.29,0.0,200.0,200.0,0.01959,-0.00521,-0.00061,0.00235,0.96136,3,0.0,0.0,0
90,4525.000,5313.544,186.56841,48.49515,23.184,0.171,23.280,0.173,23.682,0.188,23.378,0.205,22.947,0.161,1.32,1.000e+08,1.000e+08,6.000e+06,1.674e+03,2.250e+03,2.946e+02,0.1,0.5,0.03,-0.00653,-0.00083,0.03397,-0.01013,-0.01073,0.01336,0.99789,5,0.0,0.0,0
91,4261.269,5312.157,186.57278,48.49513,21.730,0.051,22.037,0.048,23.239,0.169,22.927,0.193,22.904,0.159,1.61,5.000e+06,1.500e+07,5.000e+06,4.310e+02,9.948e+02,2.879e+02,0.2,0.25,0.06,0.01195,-0.01455,-0.02735,-0.04135,0.12255,0.25105,0.86063,5,0.0,0.0,0
92,4589.289,5125.000,186.56734,48.49307,21.025,0.022,21.372,0.029,22.621,0.161,22.539,0.195,22.518,0.157,1.35,5.000e+06,6.000e+06,5.000e+06,5.872e+02,6.895e+02,4.323e+02,0.14,0.17,0.06,-0.00291,0.00789,0.00179,-0.16831,0.06119,0.36878,0.77554,5,0.0,0.0,0
93,4688.355,5291.488,186.56569,48.49490,21.861,0.056,22.132,0.059,23.071,0.169,22.172,0.197,21.180,0.156,1.67,1.000e+07,4.000e+07,9.000e+06,1.524e+03,3.534e+03,1.093e+03,0.3,0.36,0.13,0.07906,-0.07984,-0.21404,0.12146,0.50986,4.30924,0.0048,5,2.0,2.0,0
94,4662.000,5242.472,186.56613,48.49436,23.631,0.494,23.457,0.375,26.261,1.870,22.822,0.260,22.704,0.174,1.93,3.000e+06,1.000e+08,1.000e+06,1.078e+03,3.521e+03,5.334e+02,0.72,0.88,0.19,0.13003,-0.06027,200.0,0.00403,-0.00117,0.04456,0.95641,4,0.0,0.0,0
95,4571.000,5148.503,186.56764,48.49333,19.458,0.010,19.951,0.011,21.319,0.156,21.403,0.192,21.727,0.157,1.47,5.000e+06,5.000e+06,5.000e+06,1.297e+03,1.368e+03,1.229e+03,0.03,0.04,0.02,-0.00277,0.00593,-0.02058,-0.22267,-0.21307,1.4296,0.23192,5,4.0,3.667,0
96,4696.935,5140.000,186.56555,48.49324,20.030,0.013,20.556,0.024,21.997,0.159,21.515,0.200,22.276,0.163,1.46,3.000e+06,5.000e+06,3.000e+06,4.986e+02,7.176e+02,4.986e+02,0.0,0.02,0.0,-0.00162,0.00348,0.12778,0.01478,-0.02492,0.21353,0.88708,5,4.0,4.0,0
97,4679.000,5134.438,186.56584,48.49317,22.534,0.181,22.133,0.133,23.239,0.185,21.235,0.194,22.916,0.184,2.17,1.000e+06,3.000e+06,1.000e+06,7.581e+02,9.474e+02,5.687e+02,0.36,0.42,0.3,-0.26194,0.20356,0.31266,0.93496,-0.24514,6.485,0.00022,5,4.0,4.0,0
98,4619.368,5199.809,186.56683,48.49389,23.318,0.427,22.690,0.195,23.983,0.206,22.106,0.218,23.302,0.184,1.90,1.000e+06,2.000e+06,1.000e+06,5.075e+02,6.457e+02,3.797e+02,0.38,0.46,0.3,-0.48355,0.18445,0.08885,0.56015,-0.15995,2.62321,0.04878,5,4.0,4.0,0
99,4642.636,5167.000,186.56645,48.49353,19.989,0.047,20.255,0.047,21.521,0.163,20.647,0.207,21.471,0.166,2.39,2.000e+06,4.000e+06,1.000e+06,1.719e+03,2.054e+03,1.307e+03,0.16,0.22,0.11,-0.0228,0.0269,0.1661,-0.0122,-0.1323,0.72484,0.53698,5,4.0,3.667,0
100,4659.507,5162.739,186.56618,48.49349,18.783,0.012,19.098,0.015,20.429,0.156,19.726,0.194,20.523,0.157,1.82,3.000e+06,3.000e+06,3.000e+06,4.049e+03,4.273e+03,3.634e+03,0.16,0.17,0.14,-0.00179,0.00531,0.09801,0.01211,-0.25549,1.29259,0.27497,5,2.0,2.667,0
101,4651.000,5156.410,186.56631,48.49342,19.862,0.078,20.164,0.093,21.448,0.196,20.054,0.212,20.821,0.173,1.38,1.000e+06,2.000e+06,1.000e+06,3.366e+03,4.245e+03,2.507e+03,0.24,0.3,0.18,0.03052,-0.05828,-0.02158,0.13372,0.01833,0.31295,0.81604,5,4.0,4.0,0
102,4710.110,5189.798,186.56532,48.49378,19.384,0.050,19.822,0.075,21.289,0.196,20.675,0.260,21.434,0.217,1.51,3.000e+06,5.000e+06,1.000e+06,1.224e+03,1.743e+03,9.356e+02,0.05,0.1,0.0,-0.00912,0.01798,0.07208,0.03088,-0.06702,0.11063,0.95393,5,4.0,4.0,0
103,4701.518,5220.826,186.56548,48.49413,17.960,0.015,18.178,0.020,19.422,0.156,18.358,0.194,19.294,0.157,2.00,3.000e+06,3.000e+06,1.000e+06,1.309e+04,1.783e+04,1.174e+04,0.23,0.25,0.2,-0.00535,0.00935,0.12695,0.31605,-0.17375,1.45742,0.22397,5,2.0,2.0,0
104,4707.051,5206.000,186.56538,48.49396,19.843,0.306,20.655,0.434,21.422,0.330,19.547,0.216,19.061,0.158,1.50,3.000e+06,5.000e+06,1.000e+06,4.005e+04,6.232e+04,2.598e+04,0.92,1.08,0.76,1.24118,-0.16542,-0.18432,-0.07002,0.06638,2.21989,0.08357,5,0.0,0.0,0
105,4696.097,5210.356,186.56557,48.49401,16.883,0.017,17.457,0.019,18.843,0.157,18.740,0.192,19.211,0.159,1.75,5.000e+06,5.000e+06,5.000e+06,1.143e+04,1.205e+04,1.143e+04,0.0,0.01,0.0,0.01597,-0.01653,-0.03413,-0.01293,-0.11613,0.76197,0.51522,5,2.0,2.333,0
106,4727.000,5259.180,186.56505,48.49455,20.453,0.029,20.824,0.041,22.144,0.163,22.345,0.236,23.166,0.247,2.10,5.000e+06,5.000e+06,5.000e+06,4.487e+02,5.279e+02,4.487e+02,0.0,0.03,0.0,-0.03879,0.13171,0.18011,-0.10269,-0.55589,6.96257,0.00011,5,4.0,4.0,0
107,4725.000,5305.777,186.56508,48.49506,22.076,0.069,22.373,0.082,23.304,0.168,22.985,0.202,22.491,0.160,1.92,1.000e+07,5.000e+07,9.000e+06,5.580e+02,1.541e+03,3.636e+02,0.15,0.27,0.0,-0.00236,0.00365,0.01364,-0.04086,0.01415,0.01995,0.99618,5,0.0,0.0,0
108,4550.000,5306.000,186.56799,48.49506,25.171,0.880,24.995,0.852,24.226,0.248,23.242,0.197,23.142,0.176,1.71,1.000e+09,1.000e+09,5.000e+08,4.592e+03,6.341e+03,2.479e+03,0.02,0.16,0.0,-0.25236,-0.60836,0.06774,0.41134,-0.12086,1.54631,0.20023,5,0.0,0.0,0
109,3927.086,5306.108,186.57832,48.49506,23.863,0.259,22.828,0.088,22.370,0.158,22.026,0.191,21.804,0.155,1.32,1.000e+09,1.000e+09,9.000e+08,1.632e+04,1.964e+04,1.488e+04,0.0,0.05,0.0,-0.44703,0.08017,0.46327,0.19207,-0.19623,4.60086,0.00319,5,0.0,0.0,0
110,4750.000,5304.098,186.56467,48.49504,23.871,0.257,23.618,0.202,23.325,0.175,23.107,0.197,22.812,0.158,1.60,5.000e+08,5.000e+08,7.000e+06,3.775e+03,4.094e+03,5.731e+02,0.0,0.54,0.0,0.04526,0.09296,0.42796,0.11106,-0.23284,2.43239,0.06301,5,0.0,0.0,0
111,4512.000,5304.000,186.56862,48.49504,99.999,99.999,99.999,99.999,25.225,0.537,23.523,0.209,23.137,0.158,1.56,3.000e+06,6.000e+06,1.000e+06,1.007e+03,2.335e+03,5.724e+02,0.93,1.29,0.67,200.0,200.0,0.05344,-0.01856,0.00664,0.01921,0.88977,3,0.0,0.0,0
112,4079.000,5302.651,186.57581,48.49503,21.668,0.034,22.043,0.056,23.183,0.165,23.309,0.194,23.125,0.160,1.30,6.000e+06,1.500e+07,5.000e+06,2.360e+02,7.368e+02,1.900e+02,0.06,0.15,0.0,-0.0026,0.0235,-0.0358,-0.2093,0.1146,0.70152,0.55099,5,0.0,0.0,0
113,4630.331,5185.338,186.56665,48.49373,18.322,0.007,18.830,0.014,20.151,0.157,20.474,0.193,20.742,0.156,1.52,5.000e+06,5.000e+06,5.000e+06,3.279e+03,3.470e+03,3.098e+03,0.01,0.02,0.0,-0.00276,0.01744,0.05584,-0.36106,-0.27266,3.55864,0.01361,5,3.0,2.667,0
114,4308.703,5299.000,186.57199,48.49499,21.545,0.038,22.146,0.065,23.209,0.169,23.103,0.194,23.204,0.168,1.33,1.400e+07,1.500e+07,6.000e+06,4.947e+02,5.947e+02,1.803e+02,0.0,0.02,0.0,0.02841,-0.07359,0.03461,0.11741,-0.08629,0.85735,0.46241,5,0.0,0.0,0
115,4267.000,5297.170,186.57269,48.49497,21.352,0.029,21.885,0.050,22.986,0.165,22.915,0.195,22.854,0.161,1.45,1.300e+07,1.500e+07,1.200e+07,5.623e+02,8.100e+02,5.219e+02,0.0,0.04,0.0,0.01235,-0.02855,-0.03665,0.00235,-0.03005,0.20035,0.89619,5,0.0,0.0,0
116,4534.000,5296.844,186.56825,48.49496,23.756,0.290,24.474,0.543,26.125,1.229,23.511,0.216,22.862,0.164,1.70,2.000e+08,9.000e+08,5.000e+06,2.023e+03,4.932e+03,4.503e+02,0.13,0.86,0.0,0.28597,-0.53563,200.0,0.09477,-0.00623,1.27778,0.27865,4,0.0,0.0,0
117,4641.056,5292.056,186.56647,48.49491,25.369,0.977,27.364,6.010,24.232,0.277,23.511,0.216,22.733,0.162,1.34,1.000e+09,9.000e+09,6.000e+06,7.334e+03,2.518e+04,7.729e+02,0.14,0.98,0.0,-0.20574,200.0,0.05536,-0.01594,-0.00084,0.04863,0.95253,4,0.0,0.0,0
118,4422.000,5293.000,186.57011,48.49492,22.772,0.105,23.117,0.127,23.509,0.168,23.142,0.196,22.724,0.163,1.67,1.000e+08,1.000e+08,7.000e+06,1.789e+03,2.317e+03,3.310e+02,0.06,0.32,0.0,0.078,-0.1141,-0.0332,0.0355,0.0665,0.54659,0.6504,5,0.0,0.0,0
119,4178.272,5293.000,186.57416,48.49492,99.999,99.999,25.183,0.646,24.148,0.205,23.539,0.195,23.291,0.164,1.35,1.000e+09,1.000e+09,5.000e+08,3.821e+03,5.175e+03,2.098e+03,0.0,0.13,0.0,200.0,-0.69849,0.26161,0.25541,-0.10689,2.70971,0.06656,4,0.0,0.0,0
120,3999.000,5292.859,186.57713,48.49492,22.492,0.078,22.679,0.085,24.037,0.201,23.527,0.194,23.393,0.168,1.43,5.000e+06,1.500e+07,5.000e+06,3.045e+02,6.882e+02,2.273e+02,0.26,0.31,0.11,0.01009,0.02719,-0.19551,-0.08561,0.12179,0.6444,0.58638,5,0.0,0.0,0
121,4481.029,5292.000,186.56914,48.49491,23.455,0.243,25.488,1.123,24.455,0.283,23.405,0.213,22.547,0.159,1.44,1.000e+07,4.000e+07,9.000e+06,8.640e+02,3.064e+03,5.658e+02,0.47,0.69,0.3,0.17938,200.0,-0.26853,-0.00012,0.06957,0.90066,0.4063,4,0.0,0.0,0
122,4604.000,5288.000,186.56709,48.49486,24.503,0.537,24.852,0.713,24.638,0.291,23.284,0.205,21.959,0.156,1.31,3.000e+07,5.000e+09,6.000e+06,6.517e+03,5.121e+04,2.094e+03,0.86,1.35,0.2,0.69034,-0.29036,-0.02116,-0.01986,0.01644,0.38292,0.76532,5,0.0,0.0,0
123,4498.000,5287.390,186.56885,48.49486,23.889,0.245,99.999,99.999,23.648,0.195,23.161,0.202,22.281,0.160,1.35,4.000e+08,1.000e+09,6.000e+06,4.706e+03,8.325e+03,9.048e+02,0.09,0.76,0.0,0.0017,200.0,0.05269,-0.083,0.0256,0.13848,0.87068,4,0.0,0.0,0
124,4228.000,5286.138,186.57333,48.49484,99.999,99.999,24.051,0.314,25.199,0.398,23.515,0.195,22.723,0.158,1.37,5.000e+06,3.000e+07,3.000e+06,2.203e+03,4.143e+03,8.247e+02,1.02,1.21,0.59,200.0,0.38035,-0.31765,-0.00905,0.02775,0.96797,0.37985,4,0.0,0.0,0
125,4463.000,5276.000,186.56943,48.49473,23.784,0.271,23.556,0.192,23.929,0.220,22.455,0.195,21.722,0.158,1.64,5.000e+06,7.000e+07,3.000e+06,5.726e+03,1.232e+04,2.066e+03,1.03,1.12,0.54,0.37185,-0.11105,-0.04315,0.04215,0.00935,0.60303,0.61296,5,0.0,0.0,0
126,4364.000,5286.000,186.57108,48.49484,25.163,0.877,24.274,0.462,24.127,0.201,23.541,0.196,23.345,0.168,1.37,9.000e+08,1.000e+09,9.000e+07,3.647e+03,4.497e+03,1.785e+03,0.0,0.33,0.0,-0.26461,0.16439,0.24179,0.22729,-0.18961,1.33464,0.26104,5,0.0,0.0,0
127,4615.093,5281.141,186.56689,48.49479,99.999,99.999,99.999,99.999,24.840,0.442,22.823,0.216,21.622,0.156,1.32,5.000e+06,1.400e+10,3.000e+06,1.281e+04,2.725e+05,3.998e+03,1.46,1.5,0.22,200.0,200.0,-0.03603,0.01317,-0.00203,0.01071,0.91757,3,0.0,0.0,0
128,4446.180,5282.862,186.56972,48.49481,22.130,0.057,22.570,0.074,22.955,0.163,22.838,0.194,22.724,0.160,1.35,7.000e+07,9.000e+07,8.000e+06,1.581e+03,1.991e+03,2.784e+02,0.0,0.16,0.0,0.0488,-0.0984,0.158,0.0969,-0.0122,1.22863,0.29744,5,0.0,0.0,0
129,4777.036,5274.890,186.56422,48.49472,21.687,0.034,22.034,0.052,23.128,0.164,22.358,0.192,23.203,0.164,1.41,2.000e+06,4.000e+06,1.000e+06,3.144e+02,3.980e+02,2.565e+02,0.14,0.19,0.1,-0.00387,-0.00957,0.31933,0.06053,-0.05547,1.0357,0.3754,5,0.0,0.0,0
130,4618.000,5273.000,186.56686,48.49470,24.006,0.246,23.704,0.328,23.544,0.173,22.663,0.194,22.673,0.161,1.41,8.000e+08,1.000e+09,4.000e+08,6.157e+03,8.006e+03,3.415e+03,0.0,0.06,0.0,0.11537,0.01837,0.11707,0.40977,-0.21733,1.98033,0.11452,5,0.0,0.0,0
131,4659.330,5269.670,186.56618,48.49466,20.516,0.017,21.020,0.031,21.962,0.158,22.048,0.193,22.012,0.157,1.42,1.300e+07,1.500e+07,1.200e+07,1.226e+03,1.673e+03,1.142e+03,0.0,0.03,0.0,0.00195,-0.00995,0.14095,0.02295,-0.03445,0.2935,0.83013,5,0.0,0.0,0
132,4339.906,5274.000,186.57147,48.49471,21.823,0.045,22.380,0.087,23.831,0.194,23.401,0.199,22.512,0.159,1.31,1.000e+07,1.100e+07,1.000e+07,2.802e+02,3.436e+02,2.802e+02,0.0,0.03,0.0,0.03499,-0.02271,-0.39681,-0.15261,0.46369,4.3542,0.0045,5,0.0,0.0,0
133,4342.000,5270.559,186.57144,48.49467,22.085,0.049,22.508,0.082,23.487,0.175,23.206,0.194,22.249,0.157,1.43,1.000e+07,4.000e+07,9.000e+06,4.792e+02,1.103e+03,3.416e+02,0.13,0.18,0.0,0.02574,-0.06836,-0.08826,-0.15566,0.38444,2.09402,0.09867,5,0.0,0.0,0
134,4249.767,5273.000,186.57297,48.49470,24.236,0.282,24.548,0.416,24.253,0.197,23.251,0.195,22.171,0.156,1.37,3.000e+08,6.000e+08,7.000e+06,4.998e+03,1.029e+04,1.304e+03,0.28,0.93,0.18,0.36314,-0.34526,-0.06166,0.06774,0.01384,0.79247,0.49785,5,0.0,0.0,0
135,4229.000,5272.000,186.57332,48.49469,24.847,0.536,99.999,99.999,25.158,0.354,23.479,0.207,22.738,0.174,1.35,5.000e+06,8.000e+07,3.000e+06,2.382e+03,6.313e+03,8.991e+02,1.06,1.27,0.58,0.44698,200.0,-0.19452,0.05598,-0.00062,0.44943,0.63799,4,0.0,0.0,0
136,4009.000,5268.000,186.57697,48.49465,24.584,0.505,24.329,0.383,24.665,0.312,23.396,0.204,22.402,0.159,1.50,9.000e+06,4.000e+08,5.000e+06,1.499e+03,9.104e+03,1.055e+03,0.76,1.18,0.21,0.14978,-0.05672,-0.07352,0.03408,-0.00012,0.06212,0.97976,5,0.0,0.0,0
137,4545.779,5266.602,186.56805,48.49463,22.021,0.064,22.352,0.065,23.504,0.178,22.973,0.201,23.425,0.185,1.43,4.000e+06,6.000e+06,3.000e+06,2.354e+02,3.594e+02,1.831e+02,0.16,0.22,0.09,-0.0093,0.0036,0.1204,-0.0213,-0.0397,0.16449,0.92032,5,0.0,0.0,0
138,4550.645,5263.669,186.56798,48.49460,23.155,0.165,24.188,0.511,23.628,0.182,23.266,0.203,23.179,0.171,1.44,1.000e+08,1.000e+08,7.000e+06,1.384e+03,1.904e+03,2.764e+02,0.08,0.35,0.01,0.10176,-0.80404,0.21086,0.24965,-0.07265,2.76286,0.04041,5,0.0,0.0,0
139,4327.000,5263.964,186.57169,48.49460,20.700,0.019,21.127,0.029,22.343,0.159,22.559,0.195,22.786,0.168,1.55,5.000e+06,6.000e+06,5.000e+06,4.690e+02,5.527e+02,4.060e+02,0.05,0.08,0.0,-0.0117,0.0366,0.1443,-0.2141,-0.1304,1.5995,0.18716,5,0.0,0.0,0
140,4503.686,5262.000,186.56876,48.49458,24.638,0.726,23.640,0.243,24.296,0.260,23.586,0.201,23.133,0.160,1.39,6.000e+06,4.000e+08,5.000e+06,7.031e+02,2.509e+03,3.396e+02,0.63,0.8,0.0,-0.5388,0.1509,0.0623,0.008,-0.0234,0.4457,0.72034,5,0.0,0.0,0
141,4363.954,5220.000,186.57108,48.49412,25.886,1.975,26.329,3.245,25.355,0.481,24.123,0.216,24.221,0.224,1.36,3.000e+06,5.000e+06,1.000e+06,1.916e+02,4.726e+02,9.266e+01,0.52,0.88,0.24,200.0,200.0,0.00274,-0.00436,0.00414,0.00078,0.9777,3,0.0,0.0,0
142,4301.042,5212.337,186.57211,48.49403,21.573,0.073,22.053,0.081,23.165,0.183,23.310,0.213,23.926,0.248,1.86,5.000e+06,5.000e+06,5.000e+06,1.593e+02,2.036e+02,1.593e+02,0.0,0.05,0.0,-0.0345,0.027,0.2834,0.0566,-0.1916,0.99251,0.3951,5,0.0,0.0,0
143,4353.000,5250.000,186.57126,48.49445,22.110,0.067,22.511,0.085,23.625,0.189,23.275,0.207,22.960,0.167,1.88,1.000e+07,2.000e+07,9.000e+06,3.174e+02,8.815e+02,2.061e+02,0.06,0.18,0.0,-0.00101,0.01809,-0.07341,0.01599,-0.00841,0.07156,0.97519,5,0.0,0.0,0
144,4303.481,5203.253,186.57208,48.49393,21.904,0.068,22.754,0.143,23.478,0.174,23.352,0.199,23.301,0.168,1.40,1.200e+07,2.000e+07,7.000e+06,2.963e+02,4.944e+02,1.552e+02,0.0,0.05,0.0,0.08268,-0.28032,0.04818,0.09488,0.02038,2.22294,0.08324,5,0.0,0.0,0
145,4335.240,5237.000,186.57155,48.49430,22.166,0.172,22.079,0.110,23.425,0.203,23.652,0.239,25.448,0.919,1.51,5.000e+06,5.000e+06,5.000e+06,1.149e+02,1.429e+02,1.149e+02,0.0,0.05,0.0,-0.27239,0.35611,0.37851,0.06971,-1.35849,7.36679,6e-05,5,0.0,0.0,0
146,4362.000,5234.000,186.57111,48.49427,21.244,0.037,21.948,0.066,23.025,0.165,23.045,0.200,22.296,0.160,2.24,1.000e+07,1.500e+07,1.000e+07,4.600e+02,7.272e+02,4.600e+02,0.0,0.01,0.0,0.07577,-0.12893,-0.12903,-0.33483,0.14147,4.47878,0.00378,5,4.0,4.0,0
147,4322.000,5238.000,186.57178,48.49431,21.696,0.109,22.565,0.180,23.531,0.236,24.138,0.393,24.247,0.358,1.46,5.000e+06,5.000e+06,5.000e+06,1.188e+02,1.359e+02,1.188e+02,0.0,0.03,0.0,0.1614,-0.1661,0.2363,-0.4525,-0.1937,2.02934,0.1074,5,0.0,0.0,0
148,4350.069,5219.532,186.57130,48.49411,21.638,0.049,22.130,0.056,23.141,0.167,22.809,0.201,23.399,0.175,1.70,4.000e+06,6.000e+06,4.000e+06,2.054e+02,2.849e+02,1.670e+02,0.08,0.12,0.0,0.00977,-0.03513,0.29407,0.04767,-0.01223,0.96133,0.40986,5,0.0,0.0,0
149,4317.000,5204.000,186.57185,48.49394,20.284,0.019,20.852,0.028,22.199,0.160,22.350,0.197,22.422,0.165,1.32,5.000e+06,5.000e+06,5.000e+06,5.013e+02,5.294e+02,5.013e+02,0.0,0.01,0.0,0.00995,-0.01655,0.00485,-0.22795,0.06785,0.81465,0.48551,5,0.0,0.0,0
150,4322.523,5226.437,186.57176,48.49419,18.619,0.006,19.185,0.009,20.515,0.156,20.653,0.191,20.962,0.155,1.49,5.000e+06,0.000e+00,0.000e+00,2.327e+03,0.000e+00,0.000e+00,0.0,0.0,0.0,0.00805,-0.01645,0.02195,-0.19785,-0.13905,2.46846,0.06004,5,2.0,2.667,0
151,4338.000,5225.000,186.57150,48.49417,20.968,0.028,21.369,0.032,22.745,0.168,22.471,0.195,22.716,0.160,1.71,5.000e+06,5.000e+06,5.000e+06,4.881e+02,5.712e+02,4.162e+02,0.1,0.13,0.07,-0.00172,0.00699,-0.09022,-0.01942,-0.01051,0.12636,0.94453,5,0.0,0.0,0
152,4312.126,5216.000,186.57195,48.49407,21.267,0.049,21.668,0.052,22.882,0.167,23.000,0.198,22.959,0.160,1.60,6.000e+06,1.500e+07,5.000e+06,2.727e+02,7.297e+02,2.463e+02,0.02,0.12,0.0,-0.01567,0.03703,-0.06037,-0.17687,0.04873,0.5873,0.62326,5,0.0,0.0,0
153,4106.000,5262.000,186.57536,48.49458,21.238,0.028,21.877,0.051,22.979,0.162,22.990,0.193,23.188,0.167,1.56,5.000e+06,6.000e+06,4.000e+06,2.069e+02,2.575e+02,1.830e+02,0.0,0.04,0.0,0.01652,-0.08098,0.18542,0.09262,0.26242,2.10916,0.09672,5,0.0,0.0,0
154,4301.477,5257.000,186.57211,48.49452,26.223,2.103,25.654,1.477,23.927,0.207,23.701,0.216,23.130,0.166,1.32,2.000e+07,1.000e+09,6.000e+06,6.695e+02,4.369e+03,1.722e+02,0.18,0.59,0.0,200.0,200.0,0.04772,-0.08268,0.02702,0.23489,0.62792,3,0.0,0.0,0
155,4384.107,5255.602,186.57074,48.49451,23.284,0.145,23.609,0.223,24.163,0.201,24.095,0.234,23.767,0.181,1.58,7.000e+07,1.000e+08,6.000e+06,5.988e+02,8.014e+02,9.765e+01,0.01,0.33,0.0,0.01317,-0.03203,0.04627,-0.07603,0.01767,0.06761,0.97713,5,0.0,0.0,0
156,4531.779,5247.000,186.56828,48.49441,21.418,0.041,22.056,0.066,23.367,0.187,23.533,0.206,24.046,0.188,1.43,5.000e+06,0.000e+00,0.000e+00,1.684e+02,0.000e+00,0.000e+00,0.0,0.0,0.0,0.06044,-0.03606,0.02134,-0.22646,-0.37166,3.14284,0.0241,5,0.0,0.0,0
157,4538.592,5249.317,186.56818,48.49444,21.220,0.049,22.000,0.083,23.092,0.188,22.754,0.194,23.208,0.174,1.93,4.000e+06,4.000e+06,4.000e+06,1.796e+02,2.204e+02,1.796e+02,0.0,0.04,0.0,0.05936,-0.16864,0.15086,0.00376,0.17706,2.55475,0.05349,5,4.0,4.0,0
158,4537.000,5246.000,186.56821,48.49440,21.422,0.062,22.096,0.105,23.031,0.172,23.111,0.205,23.233,0.183,1.57,6.000e+06,1.500e+07,5.000e+06,1.978e+02,6.103e+02,1.978e+02,0.0,0.06,0.0,0.04936,-0.14454,0.05506,0.00086,0.08596,1.02499,0.38021,5,0.0,0.0,0
159,4555.000,5251.865,186.56790,48.49447,21.279,0.047,21.975,0.065,22.972,0.169,23.188,0.220,23.217,0.177,1.68,5.000e+06,1.500e+07,5.000e+06,1.943e+02,6.397e+02,1.943e+02,0.0,0.05,0.0,0.04372,-0.11079,0.26062,-0.03718,0.30162,2.72441,0.04256,5,0.0,0.0,0
160,3870.103,5252.000,186.57928,48.49447,24.795,0.420,99.999,99.999,25.092,0.316,23.643,0.193,23.015,0.157,1.35,5.000e+06,7.000e+07,3.000e+06,1.482e+03,3.565e+03,6.120e+02,0.93,1.09,0.48,0.20707,200.0,-0.15693,0.03547,0.00407,0.26014,0.77094,4,0.0,0.0,0
161,4265.878,5246.000,186.57269,48.49440,22.382,0.098,22.809,0.131,23.855,0.198,22.919,0.193,22.389,0.158,1.41,1.000e+07,3.000e+07,9.000e+06,6.344e+02,1.392e+03,4.382e+02,0.24,0.3,0.1,0.12758,-0.11162,-0.29832,0.15048,0.14248,2.18817,0.08715,5,0.0,0.0,0
162,4271.340,5242.991,186.57262,48.49437,22.320,0.068,22.717,0.100,24.176,0.214,23.224,0.196,22.573,0.158,1.60,1.000e+07,1.100e+07,1.000e+07,3.553e+02,5.007e+02,2.624e+02,0.12,0.18,0.06,0.05147,-0.00373,-0.49453,0.12177,0.36687,4.44749,0.00395,5,0.0,0.0,0
163,4522.000,5237.653,186.56845,48.49431,20.243,0.019,20.659,0.027,21.834,0.158,21.903,0.193,21.986,0.156,1.33,6.000e+06,6.000e+06,5.000e+06,7.365e+02,1.056e+03,6.601e+02,0.03,0.12,0.01,-0.00599,0.01841,-0.04889,-0.12869,-0.03819,0.40676,0.74814,5,0.0,0.0,0
164,4516.000,5236.718,186.56854,48.49430,20.295,0.023,20.546,0.020,21.661,0.158,21.798,0.194,21.888,0.158,1.32,5.000e+06,5.000e+06,5.000e+06,1.486e+03,1.647e+03,1.340e+03,0.18,0.2,0.16,-0.02522,0.02998,0.12208,-0.31622,-0.24282,3.49883,0.01478,5,4.0,4.0,0
165,3953.000,5239.000,186.57790,48.49433,24.821,0.651,99.999,99.999,25.622,0.486,23.400,0.193,22.389,0.156,1.34,4.000e+06,1.400e+10,1.000e+06,4.120e+03,8.513e+04,2.257e+03,1.36,1.5,0.3,1.58808,200.0,-0.07332,-0.04102,0.02658,0.87088,0.41858,4,0.0,0.0,0
166,4022.000,5236.281,186.57675,48.49430,24.910,0.650,27.919,10.723,25.377,0.514,23.971,0.202,22.900,0.159,1.48,1.000e+07,1.400e+10,5.000e+06,1.079e+03,4.027e+04,6.180e+02,0.76,1.39,0.0,0.30592,200.0,-0.21839,0.02741,-8e-05,0.20382,0.81561,4,0.0,0.0,0
167,4569.330,5235.000,186.56766,48.49428,21.674,0.049,22.100,0.048,23.440,0.178,23.299,0.195,23.504,0.175,1.59,5.000e+06,6.000e+06,5.000e+06,2.262e+02,2.761e+02,1.669e+02,0.08,0.12,0.0,-0.00115,0.00875,-0.03446,-0.07235,-0.00075,0.07313,0.9744,5,0.0,0.0,0
168,4391.000,5233.276,186.57063,48.49426,21.700,0.035,22.039,0.059,22.894,0.163,22.688,0.195,22.634,0.157,1.78,7.000e+06,1.500e+07,7.000e+06,3.228e+02,1.213e+03,2.744e+02,0.07,0.16,0.03,-0.00354,0.01136,-0.03644,0.02496,0.01266,0.04036,0.98919,5,0.0,0.0,0
169,4385.885,5234.579,186.57071,48.49428,21.161,0.029,21.574,0.037,22.907,0.162,22.830,0.192,23.039,0.163,1.33,5.000e+06,6.000e+06,5.000e+06,3.641e+02,4.266e+02,2.825e+02,0.08,0.11,0.01,-0.00504,0.01786,-0.01834,-0.12024,-0.05264,0.27354,0.84453,5,0.0,0.0,0
170,4238.000,5235.000,186.57317,48.49428,23.751,0.266,23.242,0.190,23.433,0.178,23.154,0.194,23.074,0.171,1.35,6.000e+06,1.000e+08,5.000e+06,7.040e+02,2.541e+03,3.610e+02,0.53,0.64,0.11,-0.28245,0.03775,0.50455,0.14735,-0.14925,2.67603,0.04543,5,0.0,0.0,0
171,4734.000,5175.630,186.56493,48.49363,19.263,0.013,19.681,0.019,20.995,0.157,19.983,0.195,20.984,0.158,1.61,1.000e+06,2.000e+06,1.000e+06,2.348e+03,2.620e+03,1.943e+03,0.08,0.1,0.06,-0.00013,-0.00173,0.14557,0.10597,-0.04023,0.36554,0.77789,5,4.0,3.333,0
172,4262.000,5232.000,186.57277,48.49425,22.001,0.038,22.464,0.088,23.721,0.175,23.580,0.198,24.136,0.200,1.50,5.000e+06,6.000e+06,4.000e+06,1.326e+02,1.646e+02,9.356e+01,0.04,0.08,0.0,-0.00544,0.02005,0.09565,0.10636,-0.12744,0.35475,0.78571,5,0.0,0.0,0
173,4431.746,5227.975,186.56995,48.49420,25.350,1.177,24.160,0.289,24.111,0.204,23.733,0.237,22.925,0.167,1.41,4.000e+08,1.000e+09,7.000e+06,2.363e+03,6.117e+03,4.612e+02,0.03,0.65,0.0,200.0,-0.06917,0.08623,-0.08207,0.02033,0.18505,0.83106,4,0.0,0.0,0
174,2293.000,5225.000,186.60547,48.49417,22.964,0.128,23.038,0.112,24.205,0.200,23.376,0.193,22.665,0.157,1.81,1.000e+07,2.000e+07,9.000e+06,5.488e+02,1.744e+03,3.984e+02,0.29,0.45,0.23,0.02142,0.07202,-0.28098,-0.00288,0.11542,1.15732,0.32442,5,0.0,0.0,0
175,4532.000,5219.000,186.56828,48.49411,23.705,0.336,23.042,0.171,24.021,0.269,23.758,0.285,22.770,0.178,1.57,1.500e+07,3.000e+07,6.000e+06,1.568e+03,2.087e+03,4.587e+02,0.47,0.56,0.26,-0.30522,0.26768,0.07887,-0.27622,0.06257,1.47979,0.21776,5,0.0,0.0,0
176,4546.389,5216.000,186.56805,48.49407,20.362,0.019,20.792,0.028,21.806,0.161,21.808,0.192,21.955,0.157,1.94,6.000e+06,6.000e+06,6.000e+06,7.362e+02,8.209e+02,6.244e+02,0.05,0.07,0.02,0.00406,-0.01184,0.06396,0.02666,0.03066,0.14366,0.93377,5,4.0,4.0,0
177,4539.206,5219.513,186.56818,48.49411,20.254,0.029,20.711,0.040,21.828,0.161,21.539,0.195,21.188,0.157,1.70,1.000e+07,2.000e+07,9.000e+06,1.467e+03,3.312e+03,1.103e+03,0.03,0.07,0.0,-0.00035,0.00225,-0.06505,0.00085,0.04575,0.08603,0.96771,5,4.0,4.0,0
178,4540.598,5216.410,186.56815,48.49408,20.075,0.020,20.499,0.029,21.426,0.157,21.197,0.192,21.137,0.157,2.03,8.000e+06,2.000e+07,7.000e+06,1.298e+03,3.965e+03,9.573e+02,0.02,0.09,0.0,-0.00235,0.01006,-0.11115,0.00265,-0.01734,0.23371,0.87294,5,3.0,3.0,0
179,4385.000,5221.879,186.57072,48.49414,23.704,0.283,24.754,0.591,24.412,0.274,23.814,0.202,23.128,0.162,1.41,3.000e+08,7.000e+08,7.000e+06,1.371e+03,2.941e+03,3.197e+02,0.0,0.62,0.0,0.52646,-0.57334,0.00986,0.09556,-0.04264,1.36148,0.25249,5,0.0,0.0,0
180,4379.059,5217.737,186.57082,48.49409,22.058,0.067,22.492,0.071,23.677,0.185,23.272,0.197,22.689,0.161,1.37,1.000e+07,2.000e+07,9.000e+06,3.468e+02,8.085e+02,2.489e+02,0.07,0.12,0.02,0.01904,-0.00806,-0.17956,-0.04766,0.18484,0.79393,0.49703,5,0.0,0.0,0
181,4378.271,5213.000,186.57085,48.49404,22.822,0.120,23.644,0.228,24.022,0.228,23.904,0.236,22.793,0.174,1.40,3.000e+07,4.000e+07,9.000e+06,5.953e+02,8.812e+02,2.533e+02,0.1,0.27,0.0,0.17492,-0.35888,0.01122,-0.24038,0.40082,3.43464,0.01615,5,0.0,0.0,0
182,4190.178,5214.631,186.57396,48.49406,20.849,0.020,21.213,0.026,22.400,0.157,21.748,0.192,22.237,0.159,1.61,4.000e+06,4.000e+06,4.000e+06,6.471e+02,7.599e+02,5.808e+02,0.15,0.18,0.13,0.00119,-0.0061,0.0846,0.0757,0.0323,0.17091,0.91608,5,1.0,1.333,0
183,4474.000,5156.624,186.56924,48.49342,24.182,0.418,24.924,0.743,25.880,0.842,23.329,0.216,23.269,0.174,1.61,1.000e+06,4.000e+06,1.000e+06,9.358e+02,1.452e+03,5.950e+02,0.84,1.05,0.67,0.87298,-0.37092,-0.53542,0.03958,0.01188,1.04198,0.37261,5,0.0,0.0,0
184,4489.000,5130.000,186.56900,48.49313,23.113,0.208,23.506,0.271,24.217,0.269,22.828,0.201,22.861,0.165,1.92,4.000e+06,4.000e+06,1.000e+06,7.615e+02,1.011e+03,5.410e+02,0.58,0.69,0.45,0.28721,-0.28088,-0.09888,0.10832,0.01202,1.09584,0.34938,5,0.0,0.0,0
185,4523.705,5184.887,186.56842,48.49373,21.676,0.055,22.368,0.105,23.511,0.181,23.232,0.210,25.009,0.460,1.40,3.000e+06,5.000e+06,3.000e+06,1.019e+02,1.312e+02,1.019e+02,0.0,0.01,0.0,0.07657,-0.08433,0.33797,0.02197,-1.03374,6.39764,0.00025,5,0.0,0.0,0
186,4525.000,5166.531,186.56841,48.49353,23.790,0.309,25.994,2.039,25.095,0.525,23.960,0.221,23.201,0.178,1.37,1.000e+07,5.000e+07,9.000e+06,4.399e+02,1.631e+03,2.679e+02,0.41,0.66,0.19,0.19758,200.0,-0.42722,0.00338,0.03908,0.6913,0.50092,4,0.0,0.0,0
187,4476.828,5138.305,186.56920,48.49322,99.999,99.999,23.958,0.306,24.468,0.299,22.468,0.193,21.596,0.156,1.36,4.000e+06,6.000e+06,2.000e+06,6.666e+03,1.310e+04,4.479e+03,1.21,1.39,1.08,200.0,0.11683,-0.06727,-0.05737,0.03663,0.16568,0.84732,4,0.0,0.0,0
188,4477.790,5195.185,186.56918,48.49384,21.326,0.032,21.794,0.044,23.290,0.181,23.075,0.215,23.500,0.208,1.48,5.000e+06,5.000e+06,3.000e+06,2.205e+02,2.731e+02,1.618e+02,0.02,0.06,0.0,-0.01148,0.03542,-0.11008,-0.00108,-0.08108,0.4436,0.72183,5,0.0,0.0,0
189,4530.334,5153.000,186.56831,48.49338,23.933,0.365,24.556,0.696,24.589,0.234,23.672,0.271,25.489,1.021,1.74,4.000e+07,6.000e+08,3.000e+06,1.402e+03,4.829e+03,1.491e+02,0.39,0.89,0.0,0.28939,-0.44181,-0.04991,0.10199,200.0,0.63734,0.5287,4,0.0,0.0,0
190,4520.728,5153.000,186.56847,48.49338,21.755,0.051,21.962,0.067,23.144,0.179,22.467,0.197,22.258,0.165,1.70,1.500e+07,2.000e+07,4.000e+06,1.747e+03,2.135e+03,5.750e+02,0.23,0.35,0.11,0.00347,0.00457,-0.16973,0.19147,0.01587,0.62187,0.60076,5,0.0,0.0,0
191,4510.302,5166.946,186.56865,48.49353,21.682,0.045,22.137,0.077,23.446,0.191,22.935,0.196,23.290,0.168,1.79,4.000e+06,5.000e+06,3.000e+06,2.103e+02,3.273e+02,1.699e+02,0.09,0.15,0.05,0.00415,-0.01665,0.00565,-0.07355,0.08945,0.15625,0.9257,5,0.0,0.0,0
192,4499.741,5199.000,186.56882,48.49389,22.291,0.101,22.168,0.079,22.445,0.159,22.337,0.200,22.598,0.160,1.33,6.000e+06,6.000e+06,5.000e+06,8.495e+02,1.193e+03,7.062e+02,0.36,0.45,0.32,-0.10133,0.04068,0.57467,0.26217,-0.19063,4.09621,0.00646,5,0.0,0.0,0
193,4510.599,5182.481,186.56863,48.49370,21.683,0.070,21.845,0.078,23.425,0.198,22.814,0.212,23.925,0.242,1.77,3.000e+06,3.000e+06,2.000e+06,1.591e+02,2.035e+02,1.295e+02,0.05,0.1,0.0,-0.09307,0.21003,0.15113,0.10693,-0.34297,3.8122,0.00958,5,0.0,0.0,0
194,4506.000,5142.000,186.56873,48.49326,21.472,0.036,21.945,0.068,23.218,0.180,23.129,0.207,23.160,0.173,1.47,1.500e+07,1.500e+07,5.000e+06,5.857e+02,6.876e+02,1.978e+02,0.0,0.12,0.0,-0.0018,0.0317,-0.0259,0.0314,-0.1266,0.28651,0.83518,5,0.0,0.0,0
195,4489.400,5143.000,186.56898,48.49327,21.158,0.041,21.565,0.056,22.718,0.175,22.943,0.222,23.023,0.170,1.48,6.000e+06,6.000e+06,5.000e+06,2.686e+02,4.054e+02,2.686e+02,0.0,0.1,0.0,-0.01903,0.05407,0.03567,-0.16353,-0.03643,0.60865,0.6093,5,0.0,0.0,0
196,4511.000,5191.674,186.56863,48.49380,20.111,0.015,20.668,0.033,22.172,0.162,22.105,0.195,22.490,0.159,1.40,5.000e+06,5.000e+06,5.000e+06,5.897e+02,6.238e+02,5.897e+02,0.0,0.01,0.0,0.00661,-0.00889,-0.14449,-0.15929,-0.17649,1.13433,0.33356,5,0.0,0.0,0
197,4515.842,5189.693,186.56854,48.49378,20.468,0.035,21.029,0.065,22.370,0.168,22.566,0.233,22.672,0.168,1.46,5.000e+06,5.000e+06,5.000e+06,4.230e+02,4.708e+02,4.230e+02,0.0,0.02,0.0,0.01036,-0.00914,0.01826,-0.25954,0.00226,0.56726,0.63654,5,0.0,0.0,0
198,4500.229,5149.000,186.56882,48.49334,20.324,0.028,20.826,0.045,22.155,0.162,22.144,0.202,22.626,0.197,1.42,5.000e+06,5.000e+06,5.000e+06,4.921e+02,6.116e+02,4.921e+02,0.0,0.04,0.0,-0.00994,0.02956,0.06896,-0.00184,-0.11604,0.36788,0.7762,5,0.0,0.0,0
199,4499.398,5160.535,186.56883,48.49346,19.681,0.018,20.202,0.020,21.451,0.157,21.391,0.193,21.412,0.158,1.66,1.500e+07,1.500e+07,1.400e+07,3.020e+03,3.184e+03,2.794e+03,0.0,0.01,0.0,0.00835,-0.00615,-0.03975,-0.01145,-0.15945,0.52009,0.66843,5,3.0,3.0,0
200,4495.761,5158.000,186.56889,48.49343,19.661,0.028,20.152,0.032,21.423,0.161,21.679,0.201,21.809,0.163,1.67,5.000e+06,5.000e+06,5.000e+06,9.648e+02,1.130e+03,9.149e+02,0.01,0.04,0.0,-0.01347,0.02373,0.11213,-0.23777,-0.01137,0.98794,0.39724,5,4.0,3.667,0
201,4787.292,5209.994,186.56406,48.49401,22.219,0.068,22.083,0.057,21.961,0.158,21.561,0.194,21.788,0.156,1.34,7.000e+06,1.000e+08,6.000e+06,1.531e+03,8.769e+03,1.259e+03,0.41,0.57,0.16,-0.04543,0.01377,0.63617,0.46687,-0.20203,5.21942,0.00133,5,4.0,4.0,0
202,4788.000,5201.000,186.56403,48.49391,23.354,0.191,23.145,0.166,23.831,0.189,22.555,0.195,23.352,0.166,1.95,1.000e+06,4.000e+06,1.000e+06,5.418e+02,6.646e+02,4.153e+02,0.45,0.52,0.39,-0.14864,0.01536,0.46516,0.25076,-0.15754,2.35748,0.06962,5,4.0,4.0,0
203,3983.606,5213.000,186.57739,48.49404,26.237,1.817,99.999,99.999,26.144,0.844,23.730,0.199,22.675,0.158,1.33,4.000e+06,1.400e+10,1.000e+06,3.871e+03,8.447e+04,1.829e+03,1.47,1.5,0.21,200.0,200.0,-0.06932,0.00688,-0.00162,0.00849,0.92661,3,0.0,0.0,0
204,4342.651,5208.229,186.57143,48.49399,22.908,0.135,23.701,0.291,23.928,0.191,23.616,0.216,23.433,0.181,1.68,5.000e+07,1.000e+08,7.000e+06,6.362e+02,1.091e+03,1.373e+02,0.03,0.23,0.0,0.08611,-0.40179,0.06561,0.13221,0.00371,1.20373,0.30663,5,0.0,0.0,0
205,4496.000,5182.000,186.56888,48.49370,21.382,0.045,21.850,0.056,23.245,0.188,22.842,0.204,23.586,0.192,1.31,3.000e+06,5.000e+06,3.000e+06,1.635e+02,2.593e+02,1.472e+02,0.02,0.06,0.0,-0.01413,0.02247,0.17507,-0.04093,-0.08773,0.42181,0.73736,5,0.0,0.0,0
206,4357.468,5207.000,186.57118,48.49397,24.783,0.755,23.586,0.210,24.672,0.318,23.374,0.202,22.895,0.162,1.58,5.000e+06,6.000e+06,3.000e+06,1.357e+03,1.809e+03,7.217e+02,0.8,0.91,0.67,-0.49555,0.25185,-0.18505,0.02645,-0.01445,0.7549,0.51932,5,0.0,0.0,0
207,4547.000,5225.000,186.56804,48.49417,21.295,0.081,21.539,0.069,23.054,0.189,23.169,0.205,22.989,0.188,1.40,5.000e+06,1.500e+07,5.000e+06,3.059e+02,7.336e+02,2.393e+02,0.06,0.11,0.0,-0.07848,0.13962,-0.06068,-0.33028,0.14912,2.93949,0.0318,5,0.0,0.0,0
208,4371.000,5205.000,186.57095,48.49395,22.886,0.116,23.419,0.189,23.723,0.180,23.588,0.203,23.185,0.163,1.43,1.000e+08,1.000e+08,7.000e+06,1.099e+03,1.351e+03,1.972e+02,0.0,0.24,0.0,0.10887,-0.19393,0.02917,-0.05973,0.02337,0.73221,0.53261,5,0.0,0.0,0
209,4329.000,5205.000,186.57166,48.49395,22.643,0.126,22.977,0.205,25.098,0.560,24.648,0.346,99.999,99.999,1.37,5.000e+06,1.500e+07,3.000e+06,5.659e+01,1.863e+02,4.222e+01,0.0,0.07,0.0,0.01933,0.22683,-0.52577,-0.15757,200.0,1.35952,0.25678,4,0.0,0.0,0
210,4359.000,5256.000,186.57117,48.49451,21.570,0.040,21.759,0.059,23.130,0.176,23.337,0.210,23.530,0.205,1.55,5.000e+06,6.000e+06,5.000e+06,2.744e+02,3.215e+02,2.008e+02,0.09,0.12,0.01,-0.04273,0.19107,0.10787,-0.29023,-0.21803,4.74742,0.00259,5,0.0,0.0,0
211,4420.144,5204.000,186.57014,48.49394,20.799,0.022,21.154,0.025,22.478,0.159,22.379,0.193,22.401,0.158,1.31,5.000e+06,5.000e+06,5.000e+06,6.823e+02,7.585e+02,5.815e+02,0.13,0.15,0.1,-0.00406,0.01164,-0.06036,-0.20136,-0.00346,0.57182,0.6335,5,0.0,0.0,0
212,4267.000,5200.588,186.57269,48.49390,20.699,0.021,21.377,0.025,22.576,0.158,22.601,0.192,22.708,0.159,1.52,5.000e+06,5.000e+06,4.000e+06,3.266e+02,3.266e+02,2.902e+02,0.0,0.0,0.0,0.06025,-0.07625,0.09315,-0.01365,0.24715,6.6763,0.00017,5,0.0,0.0,0
213,4402.016,5199.021,186.57043,48.49389,22.463,0.081,22.855,0.121,23.749,0.180,23.905,0.215,24.052,0.208,1.53,6.000e+06,1.300e+07,5.000e+06,1.207e+02,2.222e+02,8.934e+01,0.07,0.16,0.0,-0.00501,-0.00901,0.16879,-0.04701,-0.06531,0.30609,0.82102,5,0.0,0.0,0
214,4433.516,5197.000,186.56992,48.49386,21.709,0.045,22.405,0.067,23.569,0.177,23.280,0.201,22.718,0.161,1.40,1.000e+07,1.100e+07,1.000e+07,2.982e+02,3.463e+02,2.982e+02,0.0,0.02,0.0,0.08132,-0.11539,-0.20249,-0.09929,0.19001,3.1178,0.02494,5,0.0,0.0,0
215,4411.781,5194.000,186.57028,48.49383,22.007,0.063,22.569,0.093,23.742,0.197,23.588,0.214,23.641,0.178,1.50,1.500e+07,1.500e+07,5.000e+06,3.518e+02,4.280e+02,1.188e+02,0.0,0.11,0.0,0.01683,-0.03867,0.00373,0.12603,-0.05397,0.21853,0.8836,5,0.0,0.0,0
216,4335.000,5191.000,186.57156,48.49380,22.049,0.069,22.266,0.090,23.484,0.178,23.187,0.198,23.525,0.177,1.75,5.000e+06,6.000e+06,4.000e+06,2.812e+02,3.570e+02,1.861e+02,0.17,0.22,0.07,-0.0353,0.0667,0.0648,0.0728,-0.0905,0.44088,0.72376,5,0.0,0.0,0
217,4322.897,5202.000,186.57176,48.49392,21.255,0.041,21.758,0.070,23.295,0.182,23.155,0.200,22.970,0.174,1.36,5.000e+06,1.500e+07,5.000e+06,2.455e+02,7.314e+02,2.088e+02,0.03,0.07,0.0,0.00735,0.00605,-0.18945,-0.16755,0.35105,1.70822,0.16289,5,0.0,0.0,0
218,4433.882,5189.863,186.56992,48.49379,23.217,0.177,23.750,0.210,24.523,0.249,23.501,0.200,23.059,0.163,1.73,1.000e+07,4.000e+07,9.000e+06,4.446e+02,1.323e+03,2.808e+02,0.33,0.48,0.12,0.2515,-0.207,-0.2023,0.2179,0.0235,1.52667,0.20526,5,0.0,0.0,0
219,4885.000,5184.805,186.56242,48.49373,23.720,0.203,23.665,0.165,24.457,0.239,23.632,0.194,23.216,0.159,1.84,5.000e+06,1.000e+08,4.000e+06,6.895e+02,1.692e+03,2.609e+02,0.61,0.69,0.15,0.11127,-0.05993,-0.03143,-0.04763,0.05457,0.20122,0.89559,5,0.0,0.0,0
220,4281.501,5182.801,186.57243,48.49371,32.779,99.999,99.999,99.999,24.222,0.201,23.840,0.199,23.114,0.163,1.65,2.000e+08,1.000e+09,6.000e+06,1.401e+03,5.368e+03,2.290e+02,0.06,0.68,0.0,200.0,200.0,0.02516,-0.04084,0.01326,0.06558,0.79788,3,0.0,0.0,0
221,4424.243,5182.000,186.57007,48.49370,99.999,99.999,24.764,0.535,25.634,0.721,23.109,0.197,21.837,0.156,1.56,5.000e+06,1.400e+10,2.000e+06,1.096e+04,2.083e+05,4.006e+03,1.5,1.5,0.35,200.0,0.36218,-0.49412,0.00848,0.02288,0.55371,0.57482,4,0.0,0.0,0
222,4409.000,5179.000,186.57033,48.49367,24.347,0.428,24.665,0.727,24.025,0.199,23.499,0.210,23.157,0.173,1.57,5.000e+08,1.000e+09,7.000e+06,2.484e+03,5.075e+03,4.523e+02,0.0,0.56,0.0,0.02353,-0.49977,0.18223,0.17333,-0.12357,0.87662,0.45228,5,0.0,0.0,0
223,4481.985,5178.000,186.56912,48.49365,21.889,0.053,22.391,0.084,23.346,0.172,23.720,0.219,23.436,0.169,1.32,1.400e+07,1.500e+07,6.000e+06,3.698e+02,4.909e+02,1.352e+02,0.0,0.04,0.0,0.00017,-0.00283,0.21337,-0.18383,-0.00253,0.70207,0.55066,5,0.0,0.0,0
224,4075.213,5179.000,186.57587,48.49367,21.635,0.037,22.148,0.048,23.385,0.172,23.665,0.196,23.640,0.165,1.33,5.000e+06,5.000e+06,5.000e+06,1.554e+02,1.915e+02,1.474e+02,0.01,0.05,0.0,-0.0049,0.01029,0.13269,-0.24121,0.1402,1.04159,0.37279,5,0.0,0.0,0
225,4020.745,5177.507,186.57678,48.49365,24.214,0.313,25.979,1.876,24.764,0.241,23.536,0.195,22.616,0.157,1.55,1.000e+07,5.000e+07,5.000e+06,1.136e+03,4.055e+03,7.345e+02,0.64,0.96,0.45,0.19451,200.0,-0.16259,0.06271,0.01191,0.47832,0.61982,4,0.0,0.0,0
226,3995.000,5175.460,186.57719,48.49363,23.935,0.354,23.844,0.318,24.429,0.282,23.033,0.193,22.352,0.157,1.30,5.000e+06,6.000e+07,3.000e+06,2.678e+03,5.788e+03,9.986e+02,0.93,1.05,0.44,0.42512,-0.08238,-0.13588,0.00352,0.02512,0.44954,0.71762,5,0.0,0.0,0
227,4122.653,5169.400,186.57507,48.49356,23.046,0.101,23.478,0.187,23.943,0.184,23.405,0.195,22.818,0.162,1.86,4.000e+07,5.000e+07,9.000e+06,1.073e+03,1.504e+03,3.612e+02,0.17,0.35,0.11,0.06889,-0.19671,-0.03651,0.01659,0.05549,0.642,0.58791,5,0.0,0.0,0
228,4787.827,5160.037,186.56404,48.49346,24.043,0.304,23.945,0.195,24.567,0.242,23.639,0.207,23.774,0.169,1.77,4.000e+06,7.000e+06,1.000e+06,3.154e+02,5.240e+02,1.786e+02,0.52,0.62,0.31,-0.06345,-0.06865,0.25615,0.07655,-0.05185,0.43115,0.73069,5,0.0,0.0,0
229,4366.122,5163.991,186.57104,48.49350,25.448,1.567,28.850,31.331,25.612,0.520,23.265,0.196,22.159,0.156,1.56,4.000e+06,1.400e+10,1.000e+06,6.505e+03,1.480e+05,3.692e+03,1.5,1.5,0.33,200.0,200.0,0.02409,-0.00731,0.00259,0.00377,0.95101,3,0.0,0.0,0
230,4623.968,5178.322,186.56676,48.49366,18.456,0.008,18.955,0.017,20.403,0.157,20.861,0.197,21.088,0.159,1.64,5.000e+06,0.000e+00,0.000e+00,2.734e+03,0.000e+00,0.000e+00,0.0,0.0,0.0,-0.00378,0.03872,-0.04088,-0.58068,-0.43988,10.70753,0.0,5,3.0,3.333,0
231,4521.432,5202.612,186.56847,48.49393,22.208,0.080,22.666,0.108,23.229,0.174,22.873,0.209,22.916,0.161,1.69,8.000e+06,8.000e+07,7.000e+06,2.982e+02,1.617e+03,2.229e+02,0.11,0.17,0.0,0.03971,-0.09979,0.06161,0.19181,-0.03209,0.68038,0.56391,5,0.0,0.0,0
232,4337.634,5156.000,186.57150,48.49341,22.134,0.061,22.735,0.112,23.554,0.178,23.347,0.203,23.114,0.170,1.64,9.000e+06,2.000e+07,8.000e+06,2.128e+02,6.008e+02,1.677e+02,0.02,0.09,0.0,0.02681,-0.11939,0.05391,0.04511,0.05211,0.56076,0.64088,5,0.0,0.0,0
233,4262.000,5147.503,186.57277,48.49332,99.999,99.999,99.999,99.999,24.034,0.211,23.959,0.216,23.545,0.180,1.38,2.000e+07,1.000e+08,6.000e+06,3.573e+02,1.266e+03,1.028e+02,0.04,0.47,0.0,200.0,200.0,0.03327,-0.07343,0.03497,0.18435,0.66766,3,0.0,0.0,0
234,3636.000,5146.000,186.58316,48.49330,22.401,0.069,22.659,0.083,23.671,0.168,23.515,0.192,23.662,0.163,1.39,6.000e+06,6.000e+06,5.000e+06,1.945e+02,3.043e+02,1.519e+02,0.14,0.25,0.09,-0.01282,0.02628,0.02318,0.03318,-0.06312,0.11311,0.95247,5,0.0,0.0,0
235,4372.288,5144.000,186.57094,48.49328,24.244,0.493,24.283,0.387,23.755,0.209,23.004,0.195,22.451,0.159,1.56,8.000e+08,1.000e+09,8.000e+07,7.681e+03,1.210e+04,4.190e+03,0.1,0.55,0.0,0.26759,-0.29232,0.08449,0.12059,-0.05261,0.53047,0.66134,5,0.0,0.0,0
236,4140.243,5141.000,186.57478,48.49325,99.999,99.999,24.715,0.562,23.569,0.176,22.934,0.194,22.384,0.158,1.33,1.000e+09,1.000e+09,5.000e+08,1.093e+04,1.463e+04,5.356e+03,0.14,0.26,0.02,200.0,-0.65955,0.28555,0.12825,-0.08466,2.67064,0.06921,4,0.0,0.0,0
237,4335.000,5136.000,186.57156,48.49319,21.029,0.023,21.448,0.036,22.847,0.168,22.627,0.193,22.586,0.161,1.34,5.000e+06,1.500e+07,5.000e+06,4.591e+02,1.117e+03,3.894e+02,0.1,0.13,0.01,0.0039,-0.0054,-0.1256,-0.1088,0.1861,0.71976,0.54001,5,0.0,0.0,0
238,4181.939,5135.000,186.57410,48.49318,25.998,2.172,99.999,99.999,27.754,3.833,22.951,0.193,21.653,0.155,1.32,2.000e+08,1.400e+10,3.000e+06,2.000e+02,3.166e+05,2.161e+03,200.0,1.5,0.03,200.0,200.0,200.0,200.0,200.0,200.0,200.0,200,0.0,0.0,0
239,4699.260,5271.553,186.56551,48.49468,22.080,0.078,22.068,0.108,23.405,0.202,22.113,0.206,22.410,0.171,2.14,3.000e+06,4.000e+06,1.000e+06,8.410e+02,1.098e+03,6.583e+02,0.41,0.46,0.31,-0.00133,0.01827,-0.11673,0.07587,0.01327,0.1777,0.91156,5,4.0,3.667,0
240,4240.877,5134.000,186.57312,48.49317,23.218,0.163,23.548,0.196,25.016,0.332,23.004,0.194,21.807,0.156,1.34,1.000e+07,1.500e+07,1.000e+06,1.887e+03,5.941e+03,5.702e+02,0.67,0.91,0.51,0.82767,0.15977,-0.84013,0.13007,0.32417,10.47084,0.0,5,0.0,0.0,0
241,4489.000,5146.232,186.56900,48.49330,21.006,0.036,21.355,0.045,22.650,0.171,22.400,0.203,22.840,0.162,2.07,5.000e+06,5.000e+06,5.000e+06,5.053e+02,5.904e+02,4.088e+02,0.11,0.14,0.07,-0.0132,0.0346,0.0094,0.0439,-0.1535,0.5975,0.61657,5,4.0,3.667,0
242,6943.449,5131.051,186.52824,48.49313,66.666,66.666,66.666,66.666,66.666,66.666,23.461,0.195,21.733,0.160,1.80,2.000e+08,1.400e+10,6.000e+06,2.000e+02,6.015e+05,3.857e+03,200.0,1.5,0.44,200.0,200.0,200.0,200.0,200.0,200.0,200.0,200,0.0,0.0,0
243,4290.750,5129.000,186.57230,48.49312,22.539,0.082,23.249,0.141,23.976,0.221,23.073,0.194,22.700,0.162,1.68,3.000e+07,4.000e+07,9.000e+06,7.945e+02,1.162e+03,3.376e+02,0.1,0.24,0.0,0.14447,-0.27733,-0.25623,0.27717,0.18037,4.03147,0.00707,5,0.0,0.0,0
244,4550.278,5126.756,186.56798,48.49309,22.081,0.051,22.241,0.070,23.614,0.187,23.048,0.194,22.934,0.163,1.34,5.000e+06,1.500e+07,5.000e+06,4.758e+02,9.794e+02,3.672e+02,0.27,0.31,0.15,0.0004,0.0318,-0.2148,-0.0614,0.1149,0.78904,0.49979,5,0.0,0.0,0
245,4501.157,5184.000,186.56880,48.49372,22.795,0.213,22.651,0.129,23.834,0.242,22.881,0.212,23.141,0.171,1.66,3.000e+06,5.000e+06,1.000e+06,4.313e+02,6.766e+02,3.246e+02,0.39,0.46,0.3,-0.11787,0.05843,0.09523,-0.02607,-0.02827,0.24053,0.86812,5,0.0,0.0,0
246,4762.000,5111.741,186.56447,48.49292,23.397,0.160,23.848,0.260,23.751,0.176,23.264,0.201,23.377,0.160,1.34,9.000e+07,1.000e+08,7.000e+06,1.261e+03,1.606e+03,2.379e+02,0.11,0.36,0.02,0.02501,-0.31749,0.23991,0.38821,-0.10719,2.22124,0.08342,5,0.0,0.0,0
247,4334.000,5112.433,186.57156,48.49293,23.427,0.168,24.103,0.349,23.783,0.196,23.226,0.200,22.750,0.177,1.38,2.000e+08,4.000e+08,7.000e+06,2.026e+03,3.353e+03,5.016e+02,0.06,0.5,0.0,0.16871,-0.5229,0.0641,0.17311,-0.0228,1.77565,0.14936,5,0.0,0.0,0
248,5602.399,5109.000,186.55051,48.49289,23.035,0.103,23.199,0.108,24.172,0.206,23.625,0.192,22.757,0.156,1.52,1.000e+07,3.000e+07,9.000e+06,4.797e+02,1.363e+03,3.321e+02,0.28,0.41,0.14,0.03297,0.00617,-0.14374,-0.13483,0.15137,0.67948,0.56447,5,0.0,0.0,0
249,4625.000,5104.000,186.56674,48.49284,99.999,99.999,23.166,0.135,25.520,0.604,23.707,0.215,24.813,0.296,1.94,1.000e+06,3.000e+06,1.000e+06,6.017e+01,8.907e+01,5.402e+01,0.0,0.12,0.0,200.0,0.08281,-0.73959,0.11381,-0.03479,1.84742,0.15764,4,0.0,0.0,0
250,4043.042,5106.000,186.57642,48.49286,22.365,0.071,22.971,0.118,23.877,0.178,23.968,0.196,24.110,0.201,1.40,6.000e+06,1.500e+07,5.000e+06,9.479e+01,2.780e+02,8.577e+01,0.02,0.1,0.0,0.03366,-0.11864,0.09196,0.00246,0.04506,0.54676,0.65029,5,0.0,0.0,0
251,4311.000,5106.000,186.57196,48.49286,22.423,0.076,22.723,0.100,23.715,0.180,23.429,0.195,23.217,0.162,1.50,1.300e+07,3.000e+07,5.000e+06,5.129e+02,8.430e+02,1.596e+02,0.15,0.3,0.0,0.00427,0.00037,-0.03413,0.03567,-0.01443,0.02689,0.99405,5,0.0,0.0,0
252,4017.000,5103.748,186.57684,48.49284,22.867,0.095,23.593,0.208,22.924,0.164,20.499,0.191,19.301,0.155,1.31,3.000e+07,4.000e+07,3.000e+07,1.002e+05,1.561e+05,5.850e+04,1.13,1.22,0.97,1.0304,-0.62639,-0.14989,0.56041,0.1877,24.37014,0.0,5,4.0,4.0,0
253,4450.599,5102.000,186.56964,48.49282,23.677,0.191,24.999,0.944,24.340,0.248,23.506,0.204,23.083,0.179,1.55,4.000e+07,4.000e+08,7.000e+06,1.119e+03,2.486e+03,3.113e+02,0.29,0.55,0.0,0.15628,-1.15042,0.02458,0.22148,-0.03482,2.0982,0.09812,5,0.0,0.0,0
254,4032.000,5100.041,186.57658,48.49280,20.171,0.013,20.595,0.017,21.660,0.156,21.780,0.191,22.001,0.157,1.32,6.000e+06,6.000e+06,5.000e+06,7.865e+02,1.010e+03,7.447e+02,0.03,0.1,0.02,-0.00529,0.01111,0.05381,-0.07699,-0.12449,0.52753,0.66334,5,4.0,4.0,0
255,4387.644,5108.251,186.57068,48.49289,23.497,0.206,23.683,0.224,24.049,0.208,23.279,0.195,22.711,0.159,1.57,4.000e+07,3.000e+08,6.000e+06,1.612e+03,3.369e+03,4.618e+02,0.31,0.67,0.0,0.06684,-0.12886,0.00304,0.11034,-0.02276,0.26089,0.85361,5,0.0,0.0,0
256,4242.043,5096.840,186.57310,48.49276,21.827,0.045,22.402,0.071,23.375,0.164,23.750,0.200,24.012,0.199,1.34,5.000e+06,5.000e+06,5.000e+06,1.220e+02,1.504e+02,1.220e+02,0.0,0.04,0.0,0.00154,-0.03196,0.36344,-0.09336,0.01244,1.33268,0.26168,5,0.0,0.0,0
257,4503.000,5088.981,186.56877,48.49267,24.955,0.706,24.189,0.330,24.215,0.230,23.808,0.244,24.004,0.316,1.45,9.000e+07,5.000e+08,3.000e+06,1.030e+03,1.613e+03,1.521e+02,0.21,0.71,0.0,-0.67654,0.07196,0.41596,0.35936,-0.32984,2.37651,0.06788,5,0.0,0.0,0
258,4029.278,5085.661,186.57663,48.49264,23.556,0.190,23.533,0.214,23.613,0.187,22.889,0.193,22.482,0.157,1.96,9.000e+07,5.000e+08,6.000e+06,3.969e+03,5.167e+03,7.011e+02,0.33,0.71,0.0,0.01798,-0.12492,0.05658,0.16578,-0.05232,0.40984,0.74594,5,2.0,2.25,0
259,4217.534,5082.510,186.57352,48.49260,23.313,0.168,23.485,0.169,23.822,0.177,23.605,0.197,23.385,0.168,1.42,9.000e+07,1.000e+08,6.000e+06,1.125e+03,1.396e+03,1.956e+02,0.07,0.42,0.0,-0.02231,-0.03471,0.12479,0.05279,-0.06521,0.24451,0.86529,5,0.0,0.0,0
260,4453.000,5078.000,186.56960,48.49255,24.045,0.303,24.095,0.288,24.169,0.257,23.494,0.202,22.574,0.162,1.50,3.000e+08,6.000e+08,7.000e+06,2.592e+03,5.044e+03,6.658e+02,0.1,0.77,0.0,0.13007,-0.09573,-0.01863,0.01627,0.00087,0.09872,0.96075,5,0.0,0.0,0
261,4482.979,5073.249,186.56911,48.49250,21.814,0.039,22.132,0.062,22.716,0.161,22.634,0.193,22.736,0.159,1.48,7.000e+06,8.000e+06,7.000e+06,3.465e+02,4.176e+02,2.799e+02,0.1,0.13,0.05,-0.00209,-0.00519,0.19091,0.09141,-0.11039,0.64419,0.58652,5,0.0,0.0,0
262,4031.446,5076.000,186.57660,48.49253,23.427,0.199,23.875,0.310,23.342,0.166,23.430,0.194,23.208,0.158,1.42,9.000e+07,2.000e+08,7.000e+06,1.527e+03,1.907e+03,3.121e+02,0.14,0.37,0.0,-0.02126,-0.39876,0.56754,0.10344,-0.09036,3.37697,0.01749,5,0.0,0.0,0
263,4335.000,5073.959,186.57156,48.49251,22.329,0.069,22.994,0.120,23.769,0.186,23.796,0.205,23.603,0.172,1.65,1.100e+07,2.000e+07,7.000e+06,1.926e+02,3.998e+02,1.108e+02,0.0,0.08,0.0,0.04292,-0.13028,0.18192,-0.01278,-0.04038,0.85814,0.46199,5,0.0,0.0,0
264,4361.905,5071.000,186.57111,48.49248,21.636,0.036,22.154,0.047,23.247,0.169,23.281,0.195,23.999,0.199,1.31,5.000e+06,5.000e+06,5.000e+06,1.553e+02,1.819e+02,1.473e+02,0.01,0.04,0.0,-0.0055,0.0047,0.2711,0.1432,-0.2184,1.33315,0.26152,5,0.0,0.0,0
265,4549.947,5070.636,186.56799,48.49247,99.999,99.999,24.520,0.437,24.683,0.269,23.404,0.196,22.610,0.158,1.70,6.000e+06,1.400e+10,4.000e+06,2.076e+03,4.298e+04,8.780e+02,0.99,1.2,0.0,200.0,-0.07231,0.00599,0.05079,-0.02171,0.05656,0.94501,4,0.0,0.0,0
266,4236.242,5068.182,186.57320,48.49245,23.058,0.130,23.023,0.124,23.629,0.178,23.208,0.193,23.420,0.165,1.32,6.000e+06,9.000e+07,4.000e+06,3.634e+02,1.180e+03,1.957e+02,0.34,0.46,0.0,-0.07348,0.00532,0.22832,0.25402,-0.12788,1.24517,0.29148,5,0.0,0.0,0
267,4583.078,5066.930,186.56744,48.49243,99.999,99.999,25.019,0.767,25.447,0.529,23.667,0.199,22.847,0.159,1.72,4.000e+06,1.400e+10,1.000e+06,2.034e+03,4.564e+04,9.228e+02,1.18,1.49,0.0,200.0,0.19222,0.11712,-0.05328,0.02192,0.09536,0.90905,4,0.0,0.0,0
268,4243.260,5052.132,186.57307,48.49227,20.661,0.019,21.144,0.026,22.318,0.158,22.343,0.192,22.693,0.158,1.43,5.000e+06,6.000e+06,5.000e+06,4.545e+02,5.347e+02,4.074e+02,0.04,0.07,0.0,-0.00294,0.00255,0.16115,0.00585,-0.02195,0.31757,0.81269,5,0.0,0.0,0
269,6697.000,5050.533,186.53233,48.49224,66.666,66.666,66.666,66.666,66.666,66.666,23.473,0.194,21.749,0.161,1.65,2.000e+08,1.400e+10,6.000e+06,2.000e+02,5.941e+05,3.802e+03,200.0,1.5,0.43,200.0,200.0,200.0,200.0,200.0,200.0,200.0,200,0.0,0.0,0
270,4388.000,5050.000,186.57068,48.49225,22.867,0.098,22.862,0.086,23.602,0.189,23.365,0.196,23.675,0.187,1.37,6.000e+06,6.000e+06,5.000e+06,2.598e+02,4.195e+02,2.047e+02,0.25,0.37,0.2,-0.09022,0.07138,0.24148,0.19578,-0.18522,1.62685,0.18076,5,0.0,0.0,0
271,4230.031,5035.000,186.57330,48.49208,21.974,0.040,22.260,0.055,22.646,0.159,22.472,0.191,22.827,0.157,1.38,7.000e+06,7.000e+07,7.000e+06,3.387e+02,1.900e+03,2.890e+02,0.12,0.16,0.0,-0.00906,-0.00616,0.36994,0.33764,-0.13946,2.38607,0.06702,5,0.0,0.0,0
272,4349.976,5022.000,186.57130,48.49194,21.937,0.043,22.317,0.065,23.577,0.181,23.233,0.195,23.289,0.178,1.31,5.000e+06,1.500e+07,4.000e+06,2.808e+02,6.775e+02,1.755e+02,0.16,0.2,0.0,0.01401,-0.03409,-0.069,-0.00169,0.12821,0.33503,0.80002,5,0.0,0.0,0
273,4156.000,4970.904,186.57452,48.49138,23.444,0.156,23.392,0.149,23.002,0.163,22.964,0.193,23.042,0.163,1.33,9.000e+07,1.000e+08,7.000e+06,2.068e+03,2.573e+03,3.858e+02,0.18,0.43,0.1,-0.11316,-0.04116,0.74604,0.35794,-0.18006,5.18703,0.00139,5,0.0,0.0,0
274,2622.216,4977.000,186.60001,48.49144,23.104,0.118,23.098,0.116,23.685,0.172,23.318,0.192,23.068,0.158,1.55,7.000e+06,1.000e+08,5.000e+06,3.338e+02,1.842e+03,2.561e+02,0.29,0.52,0.01,-0.0382,0.04,0.0618,0.0108,-0.0496,0.15048,0.92942,5,0.0,0.0,0
275,4535.495,4942.000,186.56824,48.49106,25.354,1.225,22.824,0.121,22.141,0.159,20.191,0.191,19.249,0.155,1.69,1.100e+10,1.400e+10,4.000e+08,1.486e+06,1.977e+06,2.503e+05,0.45,0.82,0.34,200.0,-0.05194,0.11335,0.26236,-0.10475,1.32187,0.26664,4,4.0,4.0,0
276,5848.000,4937.558,186.54643,48.49100,66.666,66.666,66.666,66.666,66.666,66.666,23.132,0.192,22.671,0.157,1.91,2.000e+08,1.100e+10,1.000e+06,2.000e+02,3.064e+04,2.644e+02,200.0,1.49,0.0,200.0,200.0,200.0,200.0,200.0,200.0,200.0,200,0.0,0.0,0
277,5868.690,4925.129,186.54610,48.49087,66.666,66.666,66.666,66.666,66.666,66.666,22.631,0.192,23.466,0.159,1.93,2.000e+08,4.000e+06,1.000e+06,2.000e+02,4.387e+02,1.693e+02,200.0,0.41,0.0,200.0,200.0,200.0,200.0,200.0,200.0,200.0,200,0.0,0.0,0
278,5889.624,4912.527,186.54575,48.49073,66.666,66.666,66.666,66.666,66.666,66.666,22.536,0.191,24.549,0.197,1.99,2.000e+08,0.000e+00,0.000e+00,2.000e+02,0.000e+00,0.000e+00,200.0,0.0,0.0,200.0,200.0,200.0,200.0,200.0,200.0,200.0,200,0.0,0.0,0
279,4445.231,4940.000,186.56973,48.49104,23.711,0.228,23.978,0.333,23.389,0.175,22.827,0.193,22.470,0.157,1.57,7.000e+08,1.000e+09,4.000e+08,5.936e+03,8.845e+03,3.541e+03,0.0,0.09,0.0,0.25128,-0.36022,0.17968,0.15188,-0.12352,1.58077,0.19167,5,0.0,0.0,0
280,6008.844,4936.776,186.54376,48.49100,66.666,66.666,66.666,66.666,66.666,66.666,22.210,0.191,21.180,0.156,1.64,2.000e+08,1.400e+10,1.000e+06,2.000e+02,3.150e+05,2.191e+03,200.0,1.5,0.0,200.0,200.0,200.0,200.0,200.0,200.0,200.0,200,0.0,0.0,0
281,4354.322,4936.000,186.57124,48.49099,23.367,0.158,23.730,0.212,23.685,0.185,22.399,0.192,20.867,0.155,1.60,3.000e+07,4.000e+07,9.000e+06,1.275e+04,1.919e+04,4.909e+03,0.78,0.99,0.66,0.59917,-0.30423,-0.13073,-0.09143,0.23627,4.6412,0.00301,5,0.0,0.0,0
282,5267.000,4913.098,186.55608,48.49074,24.753,0.340,24.476,0.473,24.522,0.221,23.235,0.192,22.702,0.161,1.97,6.000e+06,2.000e+09,3.000e+06,1.705e+03,8.591e+03,7.889e+02,0.9,1.07,0.0,0.07207,-0.27223,0.00477,0.17617,-0.06263,0.44934,0.71776,5,0.0,0.0,0
283,4515.292,4910.000,186.56856,48.49070,25.092,0.943,25.818,2.050,25.084,0.324,23.318,0.199,22.668,0.170,1.37,4.000e+06,1.100e+10,1.000e+06,1.992e+03,3.496e+04,1.189e+03,1.06,1.28,0.09,0.25846,200.0,0.00136,-0.02564,0.01336,0.0413,0.95954,4,0.0,0.0,0
284,4339.000,4907.000,186.57149,48.49067,99.999,99.999,99.999,99.999,27.791,3.630,23.907,0.197,22.716,0.156,1.35,2.000e+08,1.400e+10,1.000e+06,2.000e+02,1.009e+05,6.886e+02,200.0,1.5,0.0,200.0,200.0,200.0,200.0,200.0,200.0,200.0,200,0.0,0.0,0
285,4052.000,4909.000,186.57626,48.49069,22.557,0.086,23.032,0.132,22.156,0.157,22.024,0.191,21.983,0.155,1.31,2.000e+08,2.000e+08,1.000e+08,3.958e+03,5.146e+03,3.440e+03,0.03,0.22,0.0,0.12042,-0.33198,0.83802,0.55982,-0.03748,9.84951,0.0,5,0.0,0.0,0
286,4365.000,4880.000,186.57106,48.49037,25.205,0.803,23.865,0.216,23.809,0.180,23.785,0.197,23.930,0.170,1.38,6.000e+06,1.000e+08,4.000e+06,3.155e+02,1.072e+03,1.605e+02,0.5,0.63,0.08,-1.05412,0.13338,0.87418,0.30028,-0.18892,6.54241,0.0002,5,0.0,0.0,0
287,2996.000,4796.000,186.59380,48.48945,99.999,99.999,26.030,2.103,27.583,2.642,23.497,0.192,22.382,0.156,1.32,2.000e+08,1.400e+10,1.000e+06,2.000e+02,1.208e+05,8.297e+02,200.0,1.5,0.0,200.0,200.0,200.0,200.0,200.0,200.0,200.0,200,0.0,0.0,0
288,4450.014,4752.000,186.56966,48.48897,23.552,0.140,23.877,0.194,24.065,0.206,23.851,0.193,23.707,0.161,1.43,9.000e+07,1.000e+08,7.000e+06,8.204e+02,1.022e+03,1.467e+02,0.06,0.31,0.0,0.01772,-0.13488,0.18272,0.12002,-0.06278,0.5793,0.62854,5,0.0,0.0,0
289,4346.955,4676.000,186.57137,48.48813,23.996,0.295,23.960,0.265,24.059,0.222,23.171,0.195,22.636,0.159,1.79,9.000e+07,1.000e+09,5.000e+06,3.881e+03,7.058e+03,6.333e+02,0.41,0.88,0.0,0.10721,-0.11979,-0.02989,0.14171,-0.03569,0.29432,0.82954,5,0.0,0.0,0
290,3815.329,4631.000,186.58018,48.48763,24.704,0.499,24.904,0.589,25.720,0.423,23.816,0.194,22.831,0.156,1.33,5.000e+06,7.000e+07,3.000e+06,2.731e+03,6.641e+03,8.917e+02,1.21,1.43,0.68,1.36825,0.25925,-0.27905,-0.00405,0.02515,1.05818,0.36549,5,0.0,0.0,0
291,2615.450,4581.000,186.60011,48.48708,21.705,0.041,21.446,0.035,22.624,0.159,22.258,0.192,22.192,0.156,1.76,5.000e+06,5.000e+06,5.000e+06,1.785e+03,2.072e+03,1.533e+03,0.42,0.45,0.39,-0.10591,0.15719,-0.02921,-0.26321,-0.30201,10.75525,0.0,5,4.0,4.0,0
292,1857.653,4538.000,186.61269,48.48661,23.134,0.163,23.658,0.269,23.561,0.184,22.249,0.194,21.601,0.163,1.94,4.000e+07,3.000e+08,8.000e+06,6.498e+03,1.022e+04,2.136e+03,0.54,0.73,0.12,0.36925,-0.44435,-0.05915,0.29395,-0.00745,3.24216,0.02104,5,4.0,4.0,0
293,3644.000,4314.000,186.58302,48.48415,22.168,0.096,22.825,0.108,23.400,0.190,22.677,0.192,22.196,0.157,1.90,4.000e+07,4.000e+07,3.000e+07,1.563e+03,2.110e+03,1.013e+03,0.12,0.22,0.05,0.2197,-0.2069,-0.1113,0.1898,0.1777,3.67969,0.01152,5,4.0,4.0,0
294,3647.452,4303.688,186.58298,48.48403,21.227,0.033,21.462,0.043,22.175,0.160,21.592,0.193,21.363,0.159,1.74,4.000e+07,1.000e+08,8.000e+06,4.075e+03,6.480e+03,1.096e+03,0.1,0.25,0.0,-0.00792,0.01318,-0.01102,0.17518,-0.06683,0.34869,0.79011,5,4.0,4.0,0
295,3644.000,4294.579,186.58302,48.48393,22.353,0.073,22.357,0.116,23.316,0.181,22.529,0.192,22.123,0.159,1.85,1.500e+07,4.000e+07,5.000e+06,2.717e+03,3.417e+03,7.306e+02,0.4,0.55,0.16,0.0067,-0.0018,-0.1071,0.1506,-0.0158,0.31391,0.81535,5,4.0,4.0,0
296,4164.689,4067.808,186.57439,48.48144,23.110,0.139,23.206,0.149,23.848,0.176,23.482,0.193,22.900,0.158,1.85,1.200e+07,1.000e+08,6.000e+06,7.699e+02,1.954e+03,2.800e+02,0.34,0.47,0.03,0.01434,-0.03136,0.07124,-0.06426,0.01394,0.11164,0.95334,5,0.0,0.0,0
297,4704.751,4039.307,186.56541,48.48112,23.966,0.182,23.968,0.229,24.811,0.260,23.459,0.195,22.754,0.159,1.96,1.000e+07,4.000e+07,9.000e+06,8.419e+02,2.682e+03,5.560e+02,0.54,0.71,0.38,0.13838,-0.04673,-0.30313,0.17658,0.01798,1.02418,0.38057,5,0.0,0.0,0
298,6076.975,4038.502,186.54263,48.48111,66.666,66.666,66.666,66.666,66.666,66.666,22.900,0.193,21.222,0.155,1.57,2.000e+08,1.400e+10,6.000e+06,2.000e+02,8.861e+05,5.832e+03,200.0,1.5,0.4,200.0,200.0,200.0,200.0,200.0,200.0,200.0,200,0.0,0.0,0
299,4939.000,3983.961,186.56152,48.48051,99.999,99.999,25.278,0.772,25.276,0.309,23.315,0.192,21.637,0.155,1.78,1.500e+07,1.400e+10,6.000e+06,2.437e+04,3.343e+05,5.157e+03,1.46,1.5,0.47,200.0,0.08838,-0.02352,0.01478,-0.00642,0.01279,0.98729,4,0.0,0.0,0
300,4967.688,3932.000,186.56105,48.47994,26.250,2.780,23.733,0.191,25.619,0.468,22.890,0.193,21.699,0.156,1.93,3.000e+06,4.000e+06,3.000e+06,5.713e+03,9.452e+03,3.422e+03,1.31,1.5,1.13,200.0,0.85176,-0.63494,-0.19514,0.21406,7.8629,0.00038,4,0.0,0.0,0
301,1222.923,3916.000,186.62323,48.47976,66.666,66.666,66.666,66.666,66.666,66.666,22.477,0.191,22.170,0.155,1.74,2.000e+08,1.000e+09,1.000e+06,2.000e+02,1.230e+04,3.827e+02,200.0,1.36,0.0,200.0,200.0,200.0,200.0,200.0,200.0,200.0,200,0.0,0.0,0
302,6461.000,3664.000,186.53625,48.47698,66.666,66.666,66.666,66.666,66.666,66.666,22.422,0.191,20.898,0.155,1.72,2.000e+08,1.400e+10,5.000e+06,2.000e+02,9.237e+05,6.257e+03,200.0,1.5,0.25,200.0,200.0,200.0,200.0,200.0,200.0,200.0,200,0.0,0.0,0
303,1707.436,3650.000,186.61517,48.47683,66.666,66.666,66.666,66.666,66.666,66.666,23.672,0.193,22.385,0.156,1.42,2.000e+08,1.400e+10,3.000e+06,2.000e+02,1.589e+05,1.082e+03,200.0,1.5,0.02,200.0,200.0,200.0,200.0,200.0,200.0,200.0,200,0.0,0.0,0
304,1957.000,3639.000,186.61104,48.47671,24.225,0.378,23.747,0.210,23.838,0.170,22.005,0.191,20.958,0.155,1.60,5.000e+06,5.000e+07,4.000e+06,1.911e+04,3.508e+04,7.200e+03,1.33,1.42,0.85,0.47319,-0.08681,-0.00921,0.03289,-0.00131,0.41551,0.74187,5,4.0,4.0,0
305,5709.000,3629.000,186.54875,48.47660,22.087,0.050,21.395,0.028,21.472,0.156,20.628,0.191,20.145,0.155,1.31,1.000e+09,1.000e+09,5.000e+06,7.984e+04,9.665e+04,1.741e+04,0.05,0.97,0.02,-0.08035,0.04355,-0.15335,0.01245,-0.16955,2.54215,0.0544,5,4.0,4.0,0
306,414.149,3285.000,186.63664,48.47281,66.666,66.666,66.666,66.666,66.666,66.666,17.091,0.191,16.148,0.155,1.85,2.000e+08,1.400e+10,1.000e+06,2.000e+02,2.843e+07,1.974e+05,200.0,1.5,0.0,200.0,200.0,200.0,200.0,200.0,200.0,200.0,200,0.0,0.0,0
307,3527.000,3285.000,186.58498,48.47282,24.972,0.583,24.511,0.391,99.999,99.999,21.949,0.191,25.910,0.312,1.38,1.000e+06,7.000e+06,1.000e+06,3.330e+01,4.958e+01,1.485e+01,0.2,0.38,0.0,-0.32239,0.40201,200.0,3.12831,-0.1305,15.07007,0.0,4,0.0,0.0,0
308,991.000,3254.290,186.62708,48.47247,66.666,66.666,66.666,66.666,66.666,66.666,23.189,0.193,22.652,0.161,2.01,2.000e+08,1.400e+10,1.000e+06,2.000e+02,3.733e+04,2.811e+02,200.0,1.5,0.0,200.0,200.0,200.0,200.0,200.0,200.0,200.0,200,0.0,0.0,0
309,4192.000,3246.000,186.57393,48.47239,22.654,0.108,23.012,0.097,23.885,0.181,23.389,0.193,22.865,0.157,1.68,1.000e+07,4.000e+07,9.000e+06,4.144e+02,1.033e+03,2.751e+02,0.2,0.27,0.01,0.06236,-0.05684,-0.03424,0.02516,0.05516,0.28254,0.83805,5,0.0,0.0,0
310,3763.000,3174.000,186.58105,48.47160,25.660,1.248,99.999,99.999,26.161,0.708,22.814,0.192,21.032,0.156,1.78,1.100e+10,1.400e+10,5.000e+08,8.583e+05,1.531e+06,1.558e+05,1.15,1.5,0.89,200.0,200.0,-0.42345,0.17605,-0.05045,1.36104,0.24336,3,0.0,0.0,0
311,2965.805,3162.496,186.59428,48.47147,23.763,0.236,23.224,0.147,24.481,0.214,23.576,0.193,23.032,0.158,1.32,5.000e+06,2.000e+07,5.000e+06,7.853e+02,1.676e+03,4.860e+02,0.61,0.69,0.35,-0.07306,0.23974,-0.19676,-0.13296,0.09724,1.38117,0.24638,5,0.0,0.0,0
312,5926.000,3149.574,186.54515,48.47133,66.666,66.666,66.666,66.666,66.666,66.666,23.614,0.193,23.092,0.158,1.65,2.000e+08,1.400e+10,1.000e+06,2.000e+02,2.398e+04,1.896e+02,200.0,1.5,0.0,200.0,200.0,200.0,200.0,200.0,200.0,200.0,200,0.0,0.0,0
313,1562.464,3114.000,186.61758,48.47093,66.666,66.666,66.666,66.666,66.666,66.666,23.689,0.193,21.733,0.156,1.57,2.000e+08,1.400e+10,7.000e+06,2.000e+02,8.659e+05,5.663e+03,200.0,1.5,0.67,200.0,200.0,200.0,200.0,200.0,200.0,200.0,200,0.0,0.0,0
314,1537.994,3074.000,186.61800,48.47049,66.666,66.666,66.666,66.666,66.666,66.666,23.197,0.192,22.699,0.157,2.08,2.000e+08,1.400e+10,1.000e+06,2.000e+02,3.332e+04,2.760e+02,200.0,1.5,0.0,200.0,200.0,200.0,200.0,200.0,200.0,200.0,200,0.0,0.0,0
315,1819.000,3028.101,186.61333,48.46999,66.666,66.666,66.666,66.666,66.666,66.666,23.110,0.192,22.626,0.156,1.65,2.000e+08,1.400e+10,1.000e+06,2.000e+02,3.503e+04,2.854e+02,200.0,1.5,0.0,200.0,200.0,200.0,200.0,200.0,200.0,200.0,200,0.0,0.0,0
316,1268.299,3011.529,186.62247,48.46980,66.666,66.666,66.666,66.666,66.666,66.666,23.252,0.192,22.641,0.156,1.65,2.000e+08,1.400e+10,1.000e+06,2.000e+02,4.224e+04,3.000e+02,200.0,1.5,0.0,200.0,200.0,200.0,200.0,200.0,200.0,200.0,200,0.0,0.0,0
317,4654.893,2973.996,186.56625,48.46940,66.666,66.666,66.666,66.666,66.666,66.666,23.383,0.192,22.652,0.156,1.77,2.000e+08,1.400e+10,1.000e+06,2.000e+02,5.020e+04,3.586e+02,200.0,1.5,0.0,200.0,200.0,200.0,200.0,200.0,200.0,200.0,200,0.0,0.0,0
318,1277.000,2934.147,186.62231,48.46895,66.666,66.666,66.666,66.666,66.666,66.666,23.406,0.192,23.062,0.157,1.59,2.000e+08,1.000e+09,1.000e+06,2.000e+02,5.796e+03,1.645e+02,200.0,1.39,0.0,200.0,200.0,200.0,200.0,200.0,200.0,200.0,200,0.0,0.0,0
319,2591.363,2857.000,186.60049,48.46811,21.165,0.024,19.073,0.007,18.639,0.155,17.747,0.191,17.191,0.155,1.45,1.400e+10,1.400e+10,1.400e+10,2.413e+07,2.530e+07,2.301e+07,0.29,0.3,0.28,-0.37962,0.07988,0.11018,-0.61662,-1.24392,241.5204,0.0,5,4.0,4.0,0
320,1404.000,2626.606,186.62021,48.46557,66.666,66.666,66.666,66.666,66.666,66.666,23.325,0.192,23.084,0.157,1.37,2.000e+08,1.000e+09,1.000e+06,2.000e+02,4.795e+03,1.708e+02,200.0,1.3,0.0,200.0,200.0,200.0,200.0,200.0,200.0,200.0,200,0.0,0.0,0
321,3608.000,2548.000,186.58363,48.46471,66.666,66.666,66.666,66.666,66.666,66.666,23.224,0.193,22.458,0.157,1.70,2.000e+08,1.400e+10,1.000e+06,2.000e+02,6.422e+04,4.507e+02,200.0,1.5,0.0,200.0,200.0,200.0,200.0,200.0,200.0,200.0,200,0.0,0.0,0
322,4538.404,2488.652,186.56818,48.46406,66.666,66.666,66.666,66.666,66.666,66.666,23.476,0.192,23.279,0.158,1.90,2.000e+08,1.000e+08,1.000e+06,2.000e+02,2.042e+03,1.459e+02,200.0,1.27,0.0,200.0,200.0,200.0,200.0,200.0,200.0,200.0,200,0.0,0.0,0
323,3217.000,2141.129,186.59010,48.46023,66.666,66.666,66.666,66.666,66.666,66.666,23.650,0.193,22.899,0.157,1.64,2.000e+08,1.400e+10,1.000e+06,2.000e+02,4.211e+04,2.890e+02,200.0,1.5,0.0,200.0,200.0,200.0,200.0,200.0,200.0,200.0,200,0.0,0.0,0
324,4735.000,1980.949,186.56493,48.45847,66.666,66.666,66.666,66.666,66.666,66.666,23.560,0.196,22.767,0.159,2.03,2.000e+08,1.400e+10,1.000e+06,2.000e+02,5.080e+04,3.499e+02,200.0,1.5,0.0,200.0,200.0,200.0,200.0,200.0,200.0,200.0,200,0.0,0.0,0
325,5024.772,1960.000,186.56010,48.45824,66.666,66.666,66.666,66.666,66.666,66.666,22.727,0.194,21.982,0.159,2.03,2.000e+08,1.400e+10,1.000e+06,2.000e+02,9.641e+04,6.582e+02,200.0,1.5,0.0,200.0,200.0,200.0,200.0,200.0,200.0,200.0,200,0.0,0.0,0
326,2430.760,1892.001,186.60316,48.45749,66.666,66.666,66.666,66.666,66.666,66.666,23.020,0.191,26.188,0.331,1.65,2.000e+08,0.000e+00,0.000e+00,2.000e+02,0.000e+00,0.000e+00,200.0,0.0,0.0,200.0,200.0,200.0,200.0,200.0,200.0,200.0,200,0.0,0.0,0
327,3291.346,1601.173,186.58888,48.45429,66.666,66.666,66.666,66.666,66.666,66.666,23.708,0.195,22.891,0.165,2.03,2.000e+08,1.400e+10,1.000e+06,2.000e+02,4.798e+04,3.127e+02,200.0,1.5,0.0,200.0,200.0,200.0,200.0,200.0,200.0,200.0,200,0.0,0.0,0
